blind_id,researcher_label
blind_001,Grade 1
blind_002,Grade 2
blind_003,Grade 1
blind_004,Grade 2
blind_005,Grade 2
blind_006,Grade 1
blind_007,Grade 2
blind_008,Grade 1
blind_009,Grade 1
blind_010,Grade 1
blind_011,Grade 2
blind_012,Grade 1
blind_013,Grade 2
blind_014,Grade 2
blind_015,Grade 2
blind_016,Grade 1
blind_017,Grade 1
blind_018,Grade 1
blind_019,Grade 1
blind_020,Grade 1
blind_021,Grade 2
blind_022,Grade 1
blind_023,Grade 1
blind_024,Grade 2
blind_025,Grade 1
blind_026,Grade 1
blind_027,Grade 2
blind_028,Grade 2
blind_029,Uncertain
blind_030,Uncertain
blind_031,Grade 1
blind_032,Grade 2
blind_033,Grade 1
blind_034,Grade 1
blind_035,Grade 1
blind_036,Uncertain
blind_037,Grade 2
blind_038,Uncertain
blind_039,Grade 1
blind_040,Grade 1
