blind_id,true_v3_grade,physical_sample_id,v3_image_path,research_partition,sha256
blind_001,V3 Grade 1,grade_1/sample_007,data/raw/Pepper Berry Grading V3.yolov8/train/images/20260508_154116_jpg.rf.i9WKMdryVhNzZ5JkA1Gp.jpg,VALIDATION,72261e7c1b119391da5c753c48464d6e9bddd57d1ad5b4c34cacf5bbf4761869
blind_002,V3 Grade 2,grade_2/sample_018,data/raw/Pepper Berry Grading V3.yolov8/train/images/20260508_233631_jpg.rf.xxDqxFa5pfnGePfgGJwK.jpg,VALIDATION,7b51c7351b3537b065cf0f4d87478dc550f69b38c6ea1812f421cab896889094
blind_003,V3 Grade 1,grade_1/sample_087,data/raw/Pepper Berry Grading V3.yolov8/test/images/20260820_110934_jpg.rf.FobPpyBPdjDPeNHz9tRG.jpg,VALIDATION,d4fe500449b4659f8bab0d2d02ca0592b642ac82e31a9c7ab81524ab44e50c61
blind_004,V3 Grade 2,grade_2/sample_056,data/raw/Pepper Berry Grading V3.yolov8/train/images/20260508_174203_jpg.rf.xnr6fTh1SjINAXddgwek.jpg,VALIDATION,d99ce1981eb7ff52e607e2c705d059940ea146557a827739b24b2fd0802b3048
blind_005,V3 Grade 2,grade_2/sample_014,data/raw/Pepper Berry Grading V3.yolov8/train/images/20260508_232931_jpg.rf.We6jQRhI1VBZx7YOU4RJ.jpg,VALIDATION,34a09477bd150461929b167397c4801b2e7d99560010fa220e7e7c25fa429892
blind_006,V3 Grade 1,grade_1/sample_101,data/raw/Pepper Berry Grading V3.yolov8/valid/images/20260820_121924_jpg.rf.855WtPzoQbixY2yHWGG9.jpg,VALIDATION,2197bfde701d77fa87595f6803068dbebdd7392e418ecf7272d299a40a0cc3c5
blind_007,V3 Grade 2,grade_2/sample_057,data/raw/Pepper Berry Grading V3.yolov8/train/images/20260905_175406_jpg.rf.OP7z7JB2UohPivSFlgzS.jpg,VALIDATION,41e8993df810a5aa07de2aaebf95a67a22c976958e27b21316130703da125382
blind_008,V3 Grade 1,grade_1/sample_087,data/raw/Pepper Berry Grading V3.yolov8/train/images/20260820_110859_jpg.rf.oiGXSJ30qeoW0zV5UNWW.jpg,VALIDATION,816a0d9b8f9165a47be3fabcbf3633ab6931cb878f59d92a15ffa24f1a40baac
blind_009,V3 Grade 1,grade_1/sample_012,data/raw/Pepper Berry Grading V3.yolov8/test/images/20260508_155426_jpg.rf.HE8Y1bW9fsQxGJxPc90r.jpg,VALIDATION,1177577be5cd0a54343f817aef49d16a424e8d84def4a5b1fe37eab5a657dcbb
blind_010,V3 Grade 1,grade_1/sample_008,data/raw/Pepper Berry Grading V3.yolov8/train/images/20260508_154436_jpg.rf.cAe6H5C703L0IlNfBJE3.jpg,VALIDATION,9a0439a4c761c559209fd4589eb4d64e813b43e1ca22c73cb975cc31539fdd67
blind_011,V3 Grade 2,grade_2/sample_045,data/raw/Pepper Berry Grading V3.yolov8/train/images/20260815_072653_jpg.rf.t5n38iiDROOsNmKeGeM7.jpg,VALIDATION,906ea7ed224e6ed005a66ac8945fafb38e4a3e386eee3c9ce7773a10aee4147a
blind_012,V3 Grade 1,grade_1/sample_032,data/raw/Pepper Berry Grading V3.yolov8/train/images/20260814_151519_jpg.rf.Z19ccE9b81tqt2PDXloY.jpg,VALIDATION,0a4827443f435ed8f4d90ff0fa3215221dc2761ddd91ffb41668585210844af9
blind_013,V3 Grade 2,grade_2/sample_014,data/raw/Pepper Berry Grading V3.yolov8/train/images/20260508_232837_jpg.rf.Z8pwzoxym4oc2mp8Fs0O.jpg,VALIDATION,e87d68b4888e00a7ec8bcfdcf880e0f47c6e97ccaf60093bb950238e9cea3621
blind_014,V3 Grade 2,grade_2/sample_061,data/raw/Pepper Berry Grading V3.yolov8/valid/images/20260905_174037_jpg.rf.0QYWIWHkv38ztf6BI0Fp.jpg,VALIDATION,f6af39db143c85d8889a25caf867ce359f06d7ccff61f9a65f22c09e52684f19
blind_015,V3 Grade 2,grade_2/sample_018,data/raw/Pepper Berry Grading V3.yolov8/train/images/20260508_233612_jpg.rf.hJ3uj0pbsHSETHY4JRLB.jpg,VALIDATION,36744a6b0ce0d286c86d283eeb8b556f83dd918b905f4b055c179d799cc68202
blind_016,V3 Grade 1,grade_1/sample_038,data/raw/Pepper Berry Grading V3.yolov8/train/images/20260729_083334_jpg.rf.nfblthGxibuVH6yN09cJ.jpg,VALIDATION,34e3f0775ddfcae3399890f0ea51e73cc32d0d279feff2909742c3bd5cfd660b
blind_017,V3 Grade 2,grade_2/sample_051,data/raw/Pepper Berry Grading V3.yolov8/train/images/20260814_171203_jpg.rf.UfVxEwJQQqaD3ClZOgw7.jpg,VALIDATION,1f972331c7860e26809c7a907f156ddea7619a73bfba8b6409ac29e34222c1d1
blind_018,V3 Grade 1,grade_1/sample_008,data/raw/Pepper Berry Grading V3.yolov8/test/images/20260508_154350_jpg.rf.Fnp4lFdamEhjssJEZFzZ.jpg,VALIDATION,5c5f0074a1a7182ab6ed22ab4971e8fb4c85853f69d727a0c8eabdd8187bebfc
blind_019,V3 Grade 1,grade_1/sample_037,data/raw/Pepper Berry Grading V3.yolov8/valid/images/20260729_083850_jpg.rf.1KFOgIlQMxOD1i5kGNoT.jpg,VALIDATION,d19c5945a235a2d1a274bafe21425c16c2f16631f7fbebad6dd331bda4001127
blind_020,V3 Grade 1,grade_1/sample_077,data/raw/Pepper Berry Grading V3.yolov8/train/images/20260509_110700_jpg.rf.RTM4BbZvWK0cxX3UdzcD.jpg,VALIDATION,126c80a31e18e53845bd850c80909224aa4fbc240b8cb7bced1e122470b4cd11
blind_021,V3 Grade 2,grade_2/sample_034,data/raw/Pepper Berry Grading V3.yolov8/train/images/20260814_154307_jpg.rf.bCkuMT1oUByGapuJdjKa.jpg,VALIDATION,252c23258cc6733d283e62f82f9d046771b43c2d903a35768a8151b3e594fa55
blind_022,V3 Grade 1,grade_1/sample_111,data/raw/Pepper Berry Grading V3.yolov8/train/images/20260820_124321_jpg.rf.R468RX5R1tbMPuUY8gTt.jpg,VALIDATION,baa0b8874da78b224d4cf004c363c8327d8b68e7c9017715a3f6dc709e90d060
blind_023,V3 Grade 1,grade_1/sample_001,data/raw/Pepper Berry Grading V3.yolov8/train/images/20260508_152238_jpg.rf.klSGtUeEXMmUUEGlUmYq.jpg,VALIDATION,ca068587173afaab05446b051c42a4e60a6f5520d5abcb68e2400ce95d696e66
blind_024,V3 Grade 2,grade_2/sample_057,data/raw/Pepper Berry Grading V3.yolov8/test/images/20260905_175436_jpg.rf.D3CTuZ4JB9g4fI3miClf.jpg,VALIDATION,af9e9e62d7c66d175f07676aef9da8e5a8879a0e6a0f8ed901d0a40784627cc0
blind_025,V3 Grade 2,grade_2/sample_051,data/raw/Pepper Berry Grading V3.yolov8/train/images/20260814_171236_jpg.rf.xj5m3bFpuOKiWDo4QCh7.jpg,VALIDATION,934adf6a8c7bfe3ec07551192c9b7d99f17d739f2a59e5f9f2af703f30bb7947
blind_026,V3 Grade 1,grade_1/sample_065,data/raw/Pepper Berry Grading V3.yolov8/valid/images/20260509_001313_jpg.rf.0P4eb3erPc7RWIOyZP8i.jpg,VALIDATION,ad194a39f0a2a98a98f2381b4d066ee254cda024f9aae08a921cd6303e69ed6e
blind_027,V3 Grade 2,grade_2/sample_056,data/raw/Pepper Berry Grading V3.yolov8/valid/images/20260814_165137_jpg.rf.AnZ2BIqRuUJYHUmWdbdK.jpg,VALIDATION,47dce5661deb53b483556aaca133a3dba56038011869fb5e4422d52cb7ca1556
blind_028,V3 Grade 2,grade_2/sample_079,data/raw/Pepper Berry Grading V3.yolov8/valid/images/20260905_153742_jpg.rf.1WqbmydLtGwSsvniaonh.jpg,VALIDATION,2ed2e0ea01deac8dc2ea18b52235005aadb644608f3c0d76c76324df8f62ffed
blind_029,V3 Grade 2,grade_2/sample_079,data/raw/Pepper Berry Grading V3.yolov8/valid/images/20260905_153936_jpg.rf.A5XIFnviwrFqkZ22F4rQ.jpg,VALIDATION,cb7b2aa540bca543a8bf9bd090c31c43a474076ff42898ee5ae18f98fbce8f3e
blind_030,V3 Grade 1,grade_1/sample_068,data/raw/Pepper Berry Grading V3.yolov8/valid/images/20260509_000912_jpg.rf.6PmJz8uQWGEZqUQhEEtS.jpg,VALIDATION,1bb5df8912c4a46208e13c4b2525673dd444dcf39d9b080a5f0c3704c4705cc6
blind_031,V3 Grade 1,grade_1/sample_100,data/raw/Pepper Berry Grading V3.yolov8/test/images/20260820_121403_jpg.rf.D2ccc0BYu6yKWfwRjFsE.jpg,VALIDATION,50deb91525188ea7570c39bebf386b8764de134f10d21230cbbbd086b4ffd345
blind_032,V3 Grade 2,grade_2/sample_072,data/raw/Pepper Berry Grading V3.yolov8/train/images/20260905_160059_jpg.rf.o6Idt7v9cyAWlOnNeLaI.jpg,VALIDATION,060064619c9627978d46bc7112af8f0e1ad08c6e630bd89652dcfd775c72771e
blind_033,V3 Grade 2,grade_2/sample_036,data/raw/Pepper Berry Grading V3.yolov8/train/images/20260814_155053_jpg.rf.kgQ1qvmOWDMH3JSlcmsD.jpg,VALIDATION,b4d824f51636df9c29c52b6a2435ec151ac962f02d4a7937687eda21d163e268
blind_034,V3 Grade 1,grade_1/sample_048,data/raw/Pepper Berry Grading V3.yolov8/train/images/20260728_174917_jpg.rf.X2Ykppm4OGfPpDfi6JRA.jpg,VALIDATION,aceecf40286da641552cb90a249f612b818c6ff95a880557600826713a2e6335
blind_035,V3 Grade 2,grade_2/sample_036,data/raw/Pepper Berry Grading V3.yolov8/train/images/20260814_155132_jpg.rf.SAYEk3tvCVrkuxLP84iA.jpg,VALIDATION,37e9dc16141eac95db7a537e937322afaf82fccb0b468a46788bbf7b813a21ed
blind_036,V3 Grade 1,grade_1/sample_099,data/raw/Pepper Berry Grading V3.yolov8/train/images/20260820_115808_jpg.rf.vxwna5EvlRV77dz8frIK.jpg,VALIDATION,a03b8021d0f95526ecb274d825722f9e1b9b18c851321be367d1b776ce0688a6
blind_037,V3 Grade 2,grade_2/sample_027,data/raw/Pepper Berry Grading V3.yolov8/train/images/20260508_235425_jpg.rf.z0ZbX333JCUVmtAfRNeZ.jpg,VALIDATION,9e967a441b12044686e9c9d28683109d9502093f66b33e4f1cb93e4e785dcf06
blind_038,V3 Grade 2,grade_2/sample_061,data/raw/Pepper Berry Grading V3.yolov8/valid/images/20260905_173805_jpg.rf.48tiYl0Nq7IpFf78vfF5.jpg,VALIDATION,65082f3954ce36b671d070b937b41541ec6a5a2818598f95099a81bec2d4d06f
blind_039,V3 Grade 1,grade_1/sample_001,data/raw/Pepper Berry Grading V3.yolov8/valid/images/20260508_152214_jpg.rf.7D9bu9URGieXvmUCXXxJ.jpg,VALIDATION,1aebc135d0b07c99880e32153e97f90c6f36be7b988ce956e11d1305c273b3e5
blind_040,V3 Grade 1,grade_1/sample_046,data/raw/Pepper Berry Grading V3.yolov8/train/images/20260728_175905_jpg.rf.NUy4X9je8jmfSRADuOpM.jpg,VALIDATION,b96e2b3b3420ced8c57db166cee9c6638dc9ae7135b62129fe868f5749c9df24
