scenario_id,scenario_type,timestamp_utc,input_identifier,grading_model_path,grading_model_sha256,decision_config_path,decision_config_sha256,grade_result,grading_decision,rejection_or_quality_result,selected_price_series,latest_reference_price_date,latest_reference_price,forecast_model_specification,forecast_model_specification_sha256,forecast_return,forecast_price,direction,persistence_baseline,signal_classification,final_decision_support_category,explanation,decision_hash
EMP-001,EMPIRICAL_COMPOSITIONAL,2026-10-07T15:00:00+00:00,EMP-001,ml/grading_forecast/berry_grading/models/v3_phase3_followup/best.pt,e825278e0cf8eaff64cd05a2941cf96794e573027823a0ccd308bbc3f1a418ca,ml/grading_forecast/berry_grading/evaluation/v3_phase3_followup/decision_config_frozen.json,39ca99a7e0049fb620a141cde80d539700945b2f812cc6cf7b15f289f8e158b8,V3 Grade 1,GRADE_1,PASSED,Grade 1,2026-08-18,1886.14,ml/grading_forecast/price_forecasting/phase5/models/selected_model_spec.json,e98277d6ced450d47ee67e987217a45a1b2a717b0f467c3ac70b1607677e14f9,-8.924349628991468e-05,1885.971674271908,DOWN,1886.14,HIGH_UNCERTAINTY,HIGH_UNCERTAINTY_OUTLOOK,"Accepted as V3 Grade 1. The frozen Grade 1 forecast indicates down movement, with signal classified as HIGH_UNCERTAINTY. This is a limited research outlook, not a buy/sell instruction.",ae37bd5c684976c8bb07d694da7698a29d2ded040217e5244c87571713187e07
EMP-002,EMPIRICAL_COMPOSITIONAL,2026-10-07T15:00:00+00:00,EMP-002,ml/grading_forecast/berry_grading/models/v3_phase3_followup/best.pt,e825278e0cf8eaff64cd05a2941cf96794e573027823a0ccd308bbc3f1a418ca,ml/grading_forecast/berry_grading/evaluation/v3_phase3_followup/decision_config_frozen.json,39ca99a7e0049fb620a141cde80d539700945b2f812cc6cf7b15f289f8e158b8,V3 Grade 2,GRADE_2,PASSED,Grade 2,2026-08-18,1800.0,ml/grading_forecast/price_forecasting/phase5/models/selected_model_spec.json,e98277d6ced450d47ee67e987217a45a1b2a717b0f467c3ac70b1607677e14f9,-0.0014584981848628775,1797.3747032672468,DOWN,1800.0,HIGH_UNCERTAINTY,HIGH_UNCERTAINTY_OUTLOOK,"Accepted as V3 Grade 2. The frozen Grade 2 forecast indicates down movement, with signal classified as HIGH_UNCERTAINTY. This is a limited research outlook, not a buy/sell instruction.",a40843abfed67d784a6535b137fe3d21ba86ad99c01ad9a4715b9b1dad15434e
EMP-003,EMPIRICAL_COMPOSITIONAL,2026-10-07T15:00:00+00:00,EMP-003,ml/grading_forecast/berry_grading/models/v3_phase3_followup/best.pt,e825278e0cf8eaff64cd05a2941cf96794e573027823a0ccd308bbc3f1a418ca,ml/grading_forecast/berry_grading/evaluation/v3_phase3_followup/decision_config_frozen.json,39ca99a7e0049fb620a141cde80d539700945b2f812cc6cf7b15f289f8e158b8,V3 Grade 1,GRADE_1,PASSED,Grade 1,2026-08-25,1892.43,ml/grading_forecast/price_forecasting/phase5/models/selected_model_spec.json,e98277d6ced450d47ee67e987217a45a1b2a717b0f467c3ac70b1607677e14f9,0.0017882638330630751,1895.8141641256036,UP,1892.43,HIGH_UNCERTAINTY,HIGH_UNCERTAINTY_OUTLOOK,"Accepted as V3 Grade 1. The frozen Grade 1 forecast indicates up movement, with signal classified as HIGH_UNCERTAINTY. This is a limited research outlook, not a buy/sell instruction.",3dbe29bfdb02ceef274ef7f004f162105ae8ce3db0e4312ea15683e08d019876
EMP-004,EMPIRICAL_COMPOSITIONAL,2026-10-07T15:00:00+00:00,EMP-004,ml/grading_forecast/berry_grading/models/v3_phase3_followup/best.pt,e825278e0cf8eaff64cd05a2941cf96794e573027823a0ccd308bbc3f1a418ca,ml/grading_forecast/berry_grading/evaluation/v3_phase3_followup/decision_config_frozen.json,39ca99a7e0049fb620a141cde80d539700945b2f812cc6cf7b15f289f8e158b8,V3 Grade 2,GRADE_2,PASSED,Grade 2,2026-08-25,1800.0,ml/grading_forecast/price_forecasting/phase5/models/selected_model_spec.json,e98277d6ced450d47ee67e987217a45a1b2a717b0f467c3ac70b1607677e14f9,-0.001454203980003288,1797.382432835994,DOWN,1800.0,HIGH_UNCERTAINTY,HIGH_UNCERTAINTY_OUTLOOK,"Accepted as V3 Grade 2. The frozen Grade 2 forecast indicates down movement, with signal classified as HIGH_UNCERTAINTY. This is a limited research outlook, not a buy/sell instruction.",28a135747ebb8c790671b193d22d226ae66a2f402c717c82b9c516a040515f9c
EMP-005,EMPIRICAL_COMPOSITIONAL,2026-10-07T15:00:00+00:00,EMP-005,ml/grading_forecast/berry_grading/models/v3_phase3_followup/best.pt,e825278e0cf8eaff64cd05a2941cf96794e573027823a0ccd308bbc3f1a418ca,ml/grading_forecast/berry_grading/evaluation/v3_phase3_followup/decision_config_frozen.json,39ca99a7e0049fb620a141cde80d539700945b2f812cc6cf7b15f289f8e158b8,V3 Grade 1,GRADE_1,PASSED,Grade 1,2026-09-01,1918.57,ml/grading_forecast/price_forecasting/phase5/models/selected_model_spec.json,e98277d6ced450d47ee67e987217a45a1b2a717b0f467c3ac70b1607677e14f9,0.0007139809600320568,1919.9398224504887,UP,1918.57,HIGH_UNCERTAINTY,HIGH_UNCERTAINTY_OUTLOOK,"Accepted as V3 Grade 1. The frozen Grade 1 forecast indicates up movement, with signal classified as HIGH_UNCERTAINTY. This is a limited research outlook, not a buy/sell instruction.",3ff8562262e8e278e43c52dfc1309c36c17419605723794daeca5f9b6b0ce8b8
EMP-006,EMPIRICAL_COMPOSITIONAL,2026-10-07T15:00:00+00:00,EMP-006,ml/grading_forecast/berry_grading/models/v3_phase3_followup/best.pt,e825278e0cf8eaff64cd05a2941cf96794e573027823a0ccd308bbc3f1a418ca,ml/grading_forecast/berry_grading/evaluation/v3_phase3_followup/decision_config_frozen.json,39ca99a7e0049fb620a141cde80d539700945b2f812cc6cf7b15f289f8e158b8,V3 Grade 2,GRADE_2,PASSED,Grade 2,2026-09-01,1740.0,ml/grading_forecast/price_forecasting/phase5/models/selected_model_spec.json,e98277d6ced450d47ee67e987217a45a1b2a717b0f467c3ac70b1607677e14f9,0.00437805333333352,1747.6178128000004,UP,1740.0,HIGH_UNCERTAINTY,HIGH_UNCERTAINTY_OUTLOOK,"Accepted as V3 Grade 2. The frozen Grade 2 forecast indicates up movement, with signal classified as HIGH_UNCERTAINTY. This is a limited research outlook, not a buy/sell instruction.",9386ab3d7823a754d840640c7122fe52891ca0936a84ca52a6df2fd51f217cd9
EMP-007,EMPIRICAL_COMPOSITIONAL,2026-10-07T15:00:00+00:00,EMP-007,ml/grading_forecast/berry_grading/models/v3_phase3_followup/best.pt,e825278e0cf8eaff64cd05a2941cf96794e573027823a0ccd308bbc3f1a418ca,ml/grading_forecast/berry_grading/evaluation/v3_phase3_followup/decision_config_frozen.json,39ca99a7e0049fb620a141cde80d539700945b2f812cc6cf7b15f289f8e158b8,V3 Grade 1,GRADE_1,PASSED,Grade 1,2026-09-08,1957.5,ml/grading_forecast/price_forecasting/phase5/models/selected_model_spec.json,e98277d6ced450d47ee67e987217a45a1b2a717b0f467c3ac70b1607677e14f9,0.00042805666374490237,1958.3379209192806,UP,1957.5,HIGH_UNCERTAINTY,HIGH_UNCERTAINTY_OUTLOOK,"Accepted as V3 Grade 1. The frozen Grade 1 forecast indicates up movement, with signal classified as HIGH_UNCERTAINTY. This is a limited research outlook, not a buy/sell instruction.",bf753188b81ce2207305ab5b79327b69cd4cf4fcf4327ea892a4b78adf9b00c5
EMP-008,EMPIRICAL_COMPOSITIONAL,2026-10-07T15:00:00+00:00,EMP-008,ml/grading_forecast/berry_grading/models/v3_phase3_followup/best.pt,e825278e0cf8eaff64cd05a2941cf96794e573027823a0ccd308bbc3f1a418ca,ml/grading_forecast/berry_grading/evaluation/v3_phase3_followup/decision_config_frozen.json,39ca99a7e0049fb620a141cde80d539700945b2f812cc6cf7b15f289f8e158b8,V3 Grade 2,GRADE_2,PASSED,Grade 2,2026-09-08,1887.5,ml/grading_forecast/price_forecasting/phase5/models/selected_model_spec.json,e98277d6ced450d47ee67e987217a45a1b2a717b0f467c3ac70b1607677e14f9,-0.015897692261954477,1857.493105855561,DOWN,1887.5,HIGH_UNCERTAINTY,HIGH_UNCERTAINTY_OUTLOOK,"Accepted as V3 Grade 2. The frozen Grade 2 forecast indicates down movement, with signal classified as HIGH_UNCERTAINTY. This is a limited research outlook, not a buy/sell instruction.",d695e952613865fbfe28207fc39db97afcebd520c81b6fd6fa32c4ddc49ece77
EMP-009,EMPIRICAL_COMPOSITIONAL,2026-10-07T15:00:00+00:00,EMP-009,ml/grading_forecast/berry_grading/models/v3_phase3_followup/best.pt,e825278e0cf8eaff64cd05a2941cf96794e573027823a0ccd308bbc3f1a418ca,ml/grading_forecast/berry_grading/evaluation/v3_phase3_followup/decision_config_frozen.json,39ca99a7e0049fb620a141cde80d539700945b2f812cc6cf7b15f289f8e158b8,V3 Grade 1,GRADE_1,PASSED,Grade 1,2026-09-15,1987.5,ml/grading_forecast/price_forecasting/phase5/models/selected_model_spec.json,e98277d6ced450d47ee67e987217a45a1b2a717b0f467c3ac70b1607677e14f9,0.001558463986782277,1990.5974471737297,UP,1987.5,HIGH_UNCERTAINTY,HIGH_UNCERTAINTY_OUTLOOK,"Accepted as V3 Grade 1. The frozen Grade 1 forecast indicates up movement, with signal classified as HIGH_UNCERTAINTY. This is a limited research outlook, not a buy/sell instruction.",a04279b07d9ec34ef718e7a00af4d4c0c027f247d29b2c00459f8fcdd73c6631
EMP-010,EMPIRICAL_COMPOSITIONAL,2026-10-07T15:00:00+00:00,EMP-010,ml/grading_forecast/berry_grading/models/v3_phase3_followup/best.pt,e825278e0cf8eaff64cd05a2941cf96794e573027823a0ccd308bbc3f1a418ca,ml/grading_forecast/berry_grading/evaluation/v3_phase3_followup/decision_config_frozen.json,39ca99a7e0049fb620a141cde80d539700945b2f812cc6cf7b15f289f8e158b8,V3 Grade 2,GRADE_2,PASSED,Grade 2,2026-09-15,1940.0,ml/grading_forecast/price_forecasting/phase5/models/selected_model_spec.json,e98277d6ced450d47ee67e987217a45a1b2a717b0f467c3ac70b1607677e14f9,-0.004571537142656901,1931.1312179432457,DOWN,1940.0,HIGH_UNCERTAINTY,HIGH_UNCERTAINTY_OUTLOOK,"Accepted as V3 Grade 2. The frozen Grade 2 forecast indicates down movement, with signal classified as HIGH_UNCERTAINTY. This is a limited research outlook, not a buy/sell instruction.",3c54d6fdb7f172854bad3f0ae185e4499ac7d68e6699a45c61b1d9cbde4ff88f
EMP-011,EMPIRICAL_COMPOSITIONAL,2026-10-07T15:00:00+00:00,EMP-011,ml/grading_forecast/berry_grading/models/v3_phase3_followup/best.pt,e825278e0cf8eaff64cd05a2941cf96794e573027823a0ccd308bbc3f1a418ca,ml/grading_forecast/berry_grading/evaluation/v3_phase3_followup/decision_config_frozen.json,39ca99a7e0049fb620a141cde80d539700945b2f812cc6cf7b15f289f8e158b8,,NO_PEPPER,no_detection_above_threshold,,,,ml/grading_forecast/price_forecasting/phase5/models/selected_model_spec.json,e98277d6ced450d47ee67e987217a45a1b2a717b0f467c3ac70b1607677e14f9,,,,,,REJECT,Valid pepper was not established; no grade-specific market outlook was generated.,023cd2c475198c49ef092fdbd1b628584b87584b5a9355a5c4e6c32e6711e1f6
EMP-012,EMPIRICAL_COMPOSITIONAL,2026-10-07T15:00:00+00:00,EMP-012,ml/grading_forecast/berry_grading/models/v3_phase3_followup/best.pt,e825278e0cf8eaff64cd05a2941cf96794e573027823a0ccd308bbc3f1a418ca,ml/grading_forecast/berry_grading/evaluation/v3_phase3_followup/decision_config_frozen.json,39ca99a7e0049fb620a141cde80d539700945b2f812cc6cf7b15f289f8e158b8,,POOR_IMAGE,blur_variance_below_minimum,,,,ml/grading_forecast/price_forecasting/phase5/models/selected_model_spec.json,e98277d6ced450d47ee67e987217a45a1b2a717b0f467c3ac70b1607677e14f9,,,,,,REJECT,Valid pepper was not established; no grade-specific market outlook was generated.,c794df894405e14121a2a5a7c6804ca8e956d6f058138583c87bb6034e7c58fa
EMP-013,EMPIRICAL_COMPOSITIONAL,2026-10-07T15:00:00+00:00,EMP-013,ml/grading_forecast/berry_grading/models/v3_phase3_followup/best.pt,e825278e0cf8eaff64cd05a2941cf96794e573027823a0ccd308bbc3f1a418ca,ml/grading_forecast/berry_grading/evaluation/v3_phase3_followup/decision_config_frozen.json,39ca99a7e0049fb620a141cde80d539700945b2f812cc6cf7b15f289f8e158b8,,UNCERTAIN_GRADE,grade_margin_below_minimum,,,,ml/grading_forecast/price_forecasting/phase5/models/selected_model_spec.json,e98277d6ced450d47ee67e987217a45a1b2a717b0f467c3ac70b1607677e14f9,,,,,,UNCERTAIN_GRADE,A reliable grade was not established; no grade-specific market outlook was generated.,f61e840472d6b16b694496a73bf83ac553229a6ce595bda27e3a850fd0c38f45
LOGIC-001,LOGIC_TEST,2026-10-07T15:00:00+00:00,LOGIC-001,ml/grading_forecast/berry_grading/models/v3_phase3_followup/best.pt,e825278e0cf8eaff64cd05a2941cf96794e573027823a0ccd308bbc3f1a418ca,ml/grading_forecast/berry_grading/evaluation/v3_phase3_followup/decision_config_frozen.json,39ca99a7e0049fb620a141cde80d539700945b2f812cc6cf7b15f289f8e158b8,,NO_PEPPER,logic_test_reason,,,,ml/grading_forecast/price_forecasting/phase5/models/selected_model_spec.json,e98277d6ced450d47ee67e987217a45a1b2a717b0f467c3ac70b1607677e14f9,,,,,,REJECT,Valid pepper was not established; no grade-specific market outlook was generated.,04160ab57cd8a04340380121a0d4adba76e1a6c9b178af574314e22fe25ab708
LOGIC-002,LOGIC_TEST,2026-10-07T15:00:00+00:00,LOGIC-002,ml/grading_forecast/berry_grading/models/v3_phase3_followup/best.pt,e825278e0cf8eaff64cd05a2941cf96794e573027823a0ccd308bbc3f1a418ca,ml/grading_forecast/berry_grading/evaluation/v3_phase3_followup/decision_config_frozen.json,39ca99a7e0049fb620a141cde80d539700945b2f812cc6cf7b15f289f8e158b8,,POOR_IMAGE,logic_test_reason,,,,ml/grading_forecast/price_forecasting/phase5/models/selected_model_spec.json,e98277d6ced450d47ee67e987217a45a1b2a717b0f467c3ac70b1607677e14f9,,,,,,REJECT,Valid pepper was not established; no grade-specific market outlook was generated.,db188f4719dd5d173143fda6c4da5d9867ee8135d43837c0589d9ec3919b7ad7
LOGIC-003,LOGIC_TEST,2026-10-07T15:00:00+00:00,LOGIC-003,ml/grading_forecast/berry_grading/models/v3_phase3_followup/best.pt,e825278e0cf8eaff64cd05a2941cf96794e573027823a0ccd308bbc3f1a418ca,ml/grading_forecast/berry_grading/evaluation/v3_phase3_followup/decision_config_frozen.json,39ca99a7e0049fb620a141cde80d539700945b2f812cc6cf7b15f289f8e158b8,,UNCERTAIN_GRADE,logic_test_reason,,,,ml/grading_forecast/price_forecasting/phase5/models/selected_model_spec.json,e98277d6ced450d47ee67e987217a45a1b2a717b0f467c3ac70b1607677e14f9,,,,,,UNCERTAIN_GRADE,A reliable grade was not established; no grade-specific market outlook was generated.,a923d603315862a6a5e4e6f781f66256d3f4c5debba87c48a1043724c00bf831
LOGIC-004,LOGIC_TEST,2026-10-07T15:00:00+00:00,LOGIC-004,ml/grading_forecast/berry_grading/models/v3_phase3_followup/best.pt,e825278e0cf8eaff64cd05a2941cf96794e573027823a0ccd308bbc3f1a418ca,ml/grading_forecast/berry_grading/evaluation/v3_phase3_followup/decision_config_frozen.json,39ca99a7e0049fb620a141cde80d539700945b2f812cc6cf7b15f289f8e158b8,V3 Grade 1,GRADE_1,PASSED,Grade 1,2026-01-01,100.0,ml/grading_forecast/price_forecasting/phase5/models/selected_model_spec.json,e98277d6ced450d47ee67e987217a45a1b2a717b0f467c3ac70b1607677e14f9,0.1,110.0,UP,100.0,RELATIVE_SUPPORT,UPWARD_PRICE_OUTLOOK,"Accepted as V3 Grade 1. The frozen Grade 1 forecast indicates up movement, with signal classified as RELATIVE_SUPPORT. This is a limited research outlook, not a buy/sell instruction.",67d3ff15fb7d7bef05e7bfcd2c67894675cbb5c10cc32a07d2a94e43e0cf8f8d
LOGIC-005,LOGIC_TEST,2026-10-07T15:00:00+00:00,LOGIC-005,ml/grading_forecast/berry_grading/models/v3_phase3_followup/best.pt,e825278e0cf8eaff64cd05a2941cf96794e573027823a0ccd308bbc3f1a418ca,ml/grading_forecast/berry_grading/evaluation/v3_phase3_followup/decision_config_frozen.json,39ca99a7e0049fb620a141cde80d539700945b2f812cc6cf7b15f289f8e158b8,V3 Grade 1,GRADE_1,PASSED,Grade 1,2026-01-01,100.0,ml/grading_forecast/price_forecasting/phase5/models/selected_model_spec.json,e98277d6ced450d47ee67e987217a45a1b2a717b0f467c3ac70b1607677e14f9,-0.1,90.0,DOWN,100.0,RELATIVE_SUPPORT,DOWNWARD_PRICE_OUTLOOK,"Accepted as V3 Grade 1. The frozen Grade 1 forecast indicates down movement, with signal classified as RELATIVE_SUPPORT. This is a limited research outlook, not a buy/sell instruction.",733516bcb9f9e4ab123d36e8517de947ceb189ca5ddee536a85809aab8efff59
LOGIC-006,LOGIC_TEST,2026-10-07T15:00:00+00:00,LOGIC-006,ml/grading_forecast/berry_grading/models/v3_phase3_followup/best.pt,e825278e0cf8eaff64cd05a2941cf96794e573027823a0ccd308bbc3f1a418ca,ml/grading_forecast/berry_grading/evaluation/v3_phase3_followup/decision_config_frozen.json,39ca99a7e0049fb620a141cde80d539700945b2f812cc6cf7b15f289f8e158b8,V3 Grade 2,GRADE_2,PASSED,Grade 2,2026-01-01,100.0,ml/grading_forecast/price_forecasting/phase5/models/selected_model_spec.json,e98277d6ced450d47ee67e987217a45a1b2a717b0f467c3ac70b1607677e14f9,0.1,110.0,UP,100.0,RELATIVE_SUPPORT,UPWARD_PRICE_OUTLOOK,"Accepted as V3 Grade 2. The frozen Grade 2 forecast indicates up movement, with signal classified as RELATIVE_SUPPORT. This is a limited research outlook, not a buy/sell instruction.",cc6625d45801fe5919e1640a56c558aca00f8ef80ebf130e6c0adb64e92f2d1c
LOGIC-007,LOGIC_TEST,2026-10-07T15:00:00+00:00,LOGIC-007,ml/grading_forecast/berry_grading/models/v3_phase3_followup/best.pt,e825278e0cf8eaff64cd05a2941cf96794e573027823a0ccd308bbc3f1a418ca,ml/grading_forecast/berry_grading/evaluation/v3_phase3_followup/decision_config_frozen.json,39ca99a7e0049fb620a141cde80d539700945b2f812cc6cf7b15f289f8e158b8,V3 Grade 2,GRADE_2,PASSED,Grade 2,2026-01-01,100.0,ml/grading_forecast/price_forecasting/phase5/models/selected_model_spec.json,e98277d6ced450d47ee67e987217a45a1b2a717b0f467c3ac70b1607677e14f9,-0.1,90.0,DOWN,100.0,RELATIVE_SUPPORT,DOWNWARD_PRICE_OUTLOOK,"Accepted as V3 Grade 2. The frozen Grade 2 forecast indicates down movement, with signal classified as RELATIVE_SUPPORT. This is a limited research outlook, not a buy/sell instruction.",dccfda68bf1e1aeb3887703a3e4cd39c7569b216733a6911295a48432b94e584
LOGIC-008,LOGIC_TEST,2026-10-07T15:00:00+00:00,LOGIC-008,ml/grading_forecast/berry_grading/models/v3_phase3_followup/best.pt,e825278e0cf8eaff64cd05a2941cf96794e573027823a0ccd308bbc3f1a418ca,ml/grading_forecast/berry_grading/evaluation/v3_phase3_followup/decision_config_frozen.json,39ca99a7e0049fb620a141cde80d539700945b2f812cc6cf7b15f289f8e158b8,V3 Grade 1,GRADE_1,PASSED,Grade 1,2026-01-01,100.0,ml/grading_forecast/price_forecasting/phase5/models/selected_model_spec.json,e98277d6ced450d47ee67e987217a45a1b2a717b0f467c3ac70b1607677e14f9,4e-05,100.004,FLAT,100.0,LIMITED_SIGNAL,FLAT_PRICE_OUTLOOK,"Accepted as V3 Grade 1. The frozen Grade 1 forecast indicates flat movement, with signal classified as LIMITED_SIGNAL. This is a limited research outlook, not a buy/sell instruction.",fd67ca1fcd81276a7a0de6e64eb926e8e963e2f58d42fa6871d842683af61271
LOGIC-009,LOGIC_TEST,2026-10-07T15:00:00+00:00,LOGIC-009,ml/grading_forecast/berry_grading/models/v3_phase3_followup/best.pt,e825278e0cf8eaff64cd05a2941cf96794e573027823a0ccd308bbc3f1a418ca,ml/grading_forecast/berry_grading/evaluation/v3_phase3_followup/decision_config_frozen.json,39ca99a7e0049fb620a141cde80d539700945b2f812cc6cf7b15f289f8e158b8,,CONFLICTING_SAMPLE_VIEWS,logic_test_reason,,,,ml/grading_forecast/price_forecasting/phase5/models/selected_model_spec.json,e98277d6ced450d47ee67e987217a45a1b2a717b0f467c3ac70b1607677e14f9,,,,,,CONFLICTING_SAMPLE_VIEWS,A reliable grade was not established; no grade-specific market outlook was generated.,3296ee3dbf2c58f81aaad51ab2a4340061cb7130bef8170f0a5a9f41ef7af56b
LOGIC-010,LOGIC_TEST,2026-10-07T15:00:00+00:00,LOGIC-010,ml/grading_forecast/berry_grading/models/v3_phase3_followup/best.pt,e825278e0cf8eaff64cd05a2941cf96794e573027823a0ccd308bbc3f1a418ca,ml/grading_forecast/berry_grading/evaluation/v3_phase3_followup/decision_config_frozen.json,39ca99a7e0049fb620a141cde80d539700945b2f812cc6cf7b15f289f8e158b8,V3 Grade 1,GRADE_1,PASSED,,,,ml/grading_forecast/price_forecasting/phase5/models/selected_model_spec.json,e98277d6ced450d47ee67e987217a45a1b2a717b0f467c3ac70b1607677e14f9,,,,,,PRICE_DATA_UNAVAILABLE,"The grade was accepted, but the required grade-specific reference price is unavailable.",99386f0822c8a10e1fbdf4bc5375c5be52b8a554ac1f0d54b01761e11d87a027
LOGIC-011,LOGIC_TEST,2026-10-07T15:00:00+00:00,LOGIC-011,ml/grading_forecast/berry_grading/models/v3_phase3_followup/best.pt,e825278e0cf8eaff64cd05a2941cf96794e573027823a0ccd308bbc3f1a418ca,ml/grading_forecast/berry_grading/evaluation/v3_phase3_followup/decision_config_frozen.json,39ca99a7e0049fb620a141cde80d539700945b2f812cc6cf7b15f289f8e158b8,V3 Grade 1,GRADE_1,PASSED,Grade 1,2026-01-01,100.0,ml/grading_forecast/price_forecasting/phase5/models/selected_model_spec.json,e98277d6ced450d47ee67e987217a45a1b2a717b0f467c3ac70b1607677e14f9,,,,100.0,,FORECAST_UNAVAILABLE,"The grade-specific reference price is available, but no frozen Phase 5 forecast is available.",a886ba87c9c699429975f105dc8efa4c152df8f9fbd245c6951a72e351434fb8
LOGIC-012,LOGIC_TEST,2026-10-07T15:00:00+00:00,LOGIC-012,ml/grading_forecast/berry_grading/models/v3_phase3_followup/best.pt,e825278e0cf8eaff64cd05a2941cf96794e573027823a0ccd308bbc3f1a418ca,ml/grading_forecast/berry_grading/evaluation/v3_phase3_followup/decision_config_frozen.json,39ca99a7e0049fb620a141cde80d539700945b2f812cc6cf7b15f289f8e158b8,V3 Grade 1,GRADE_1,PASSED,Grade 1,2026-01-01,100.0,ml/grading_forecast/price_forecasting/phase5/models/selected_model_spec.json,e98277d6ced450d47ee67e987217a45a1b2a717b0f467c3ac70b1607677e14f9,0.1,110.0,UP,100.0,HIGH_UNCERTAINTY,HIGH_UNCERTAINTY_OUTLOOK,"Accepted as V3 Grade 1. The frozen Grade 1 forecast indicates up movement, with signal classified as HIGH_UNCERTAINTY. This is a limited research outlook, not a buy/sell instruction.",e5ae6657bd1005523c4f55a65c52aa50b6009fa7570838918ddd80e56e4983d3
LOGIC-013,LOGIC_TEST,2026-10-07T15:00:00+00:00,LOGIC-013,ml/grading_forecast/berry_grading/models/v3_phase3_followup/best.pt,e825278e0cf8eaff64cd05a2941cf96794e573027823a0ccd308bbc3f1a418ca,ml/grading_forecast/berry_grading/evaluation/v3_phase3_followup/decision_config_frozen.json,39ca99a7e0049fb620a141cde80d539700945b2f812cc6cf7b15f289f8e158b8,V3 Grade 1,GRADE_1,PASSED,Grade 1,2026-01-01,100.0,ml/grading_forecast/price_forecasting/phase5/models/selected_model_spec.json,e98277d6ced450d47ee67e987217a45a1b2a717b0f467c3ac70b1607677e14f9,0.1,110.0,UP,100.0,LIMITED_SIGNAL,UPWARD_PRICE_OUTLOOK,"Accepted as V3 Grade 1. The frozen Grade 1 forecast indicates up movement, with signal classified as LIMITED_SIGNAL. This is a limited research outlook, not a buy/sell instruction.",e9426aebafb745f654c1e1683cd94e0298a06d4ea55d555c09c84a7f2dc60cdd
LOGIC-014,LOGIC_TEST,2026-10-07T15:00:00+00:00,LOGIC-014,ml/grading_forecast/berry_grading/models/v3_phase3_followup/best.pt,e825278e0cf8eaff64cd05a2941cf96794e573027823a0ccd308bbc3f1a418ca,ml/grading_forecast/berry_grading/evaluation/v3_phase3_followup/decision_config_frozen.json,39ca99a7e0049fb620a141cde80d539700945b2f812cc6cf7b15f289f8e158b8,V3 Grade 1,GRADE_1,PASSED,Grade 1,2026-01-01,100.0,ml/grading_forecast/price_forecasting/phase5/models/selected_model_spec.json,e98277d6ced450d47ee67e987217a45a1b2a717b0f467c3ac70b1607677e14f9,0.1,110.0,UP,100.0,RELATIVE_SUPPORT,UPWARD_PRICE_OUTLOOK,"Accepted as V3 Grade 1. The frozen Grade 1 forecast indicates up movement, with signal classified as RELATIVE_SUPPORT. This is a limited research outlook, not a buy/sell instruction.",d7835b4bb965e63ab155f4c392d05a88cd5275e947231cc8a76ce92358eeef12
LOGIC-015,LOGIC_TEST,2026-10-07T15:00:00+00:00,LOGIC-015,ml/grading_forecast/berry_grading/models/v3_phase3_followup/best.pt,e825278e0cf8eaff64cd05a2941cf96794e573027823a0ccd308bbc3f1a418ca,ml/grading_forecast/berry_grading/evaluation/v3_phase3_followup/decision_config_frozen.json,39ca99a7e0049fb620a141cde80d539700945b2f812cc6cf7b15f289f8e158b8,V3 Grade 1,GRADE_1,fail_closed_grade_price_mismatch,Grade 2,,,ml/grading_forecast/price_forecasting/phase5/models/selected_model_spec.json,e98277d6ced450d47ee67e987217a45a1b2a717b0f467c3ac70b1607677e14f9,,,,,,ERROR_GRADE_PRICE_MISMATCH,"Grade/price-series mismatch: V3 Grade 1 must use Grade 1, not Grade 2",7154be02ea01b10cc3fccd47c58ba980babc34cb73437f59075e20905d738274
