scenario_id,scenario_type,source_grading_id,source_price_id,grading_decision,grade,grading_confidence,detection_confidence,class_margin,quality_status,rejection_reason,physical_sample_id,price_grade,reference_date,reference_price,previous_reference_price,latest_observed_return,predicted_log_return,predicted_return,forecast_price,interval_lower,interval_upper,persistence_price,model_vs_persistence,forecast_target_date,source_url,evidence_partition,expected_category,expected_rationale,measurement_status,actual_category,check_passed,decision_hash
EMP-001,EMPIRICAL_COMPOSITIONAL,20260508_160550_jpg.rf.BUF1sZWo8GvE4UCSfj74.jpg,Grade 1|2026-08-18|2026-08-25,GRADE_1,V3 Grade 1,0.9236729145050049,0.9236729145050049,0.9236729145050049,PASSED,,grade_1/sample_017,Grade 1,2026-08-18,1886.14,1856.21,0.016124253182560278,-8.924747872771815e-05,-8.924349628991468e-05,1885.971674271908,1840.3179877906139,1931.625360753202,1886.14,PERSISTENCE_BETTER,2026-08-25,https://exagri.info/mkt/2026/18.08.2026.html,EXTERNAL_NEWEST,HIGH_UNCERTAINTY_OUTLOOK,Frozen grading decision composed with a same-grade frozen Phase 5 external prediction; not an end-to-end observation.,RECORDED_FROZEN_EVIDENCE,HIGH_UNCERTAINTY_OUTLOOK,True,ae37bd5c684976c8bb07d694da7698a29d2ded040217e5244c87571713187e07
EMP-002,EMPIRICAL_COMPOSITIONAL,20260508_233543_jpg.rf.GIitSA5jym8tu4es92nw.jpg,Grade 2|2026-08-18|2026-08-25,GRADE_2,V3 Grade 2,0.9046267867088318,0.9046267867088318,0.9046267867088318,PASSED,,grade_2/sample_017,Grade 2,2026-08-18,1800.0,1800.0,0.0,-0.0014595628286537582,-0.0014584981848628775,1797.3747032672468,1576.393211022416,2018.3561955120779,1800.0,PERSISTENCE_BETTER,2026-08-25,https://exagri.info/mkt/2026/18.08.2026.html,EXTERNAL_NEWEST,HIGH_UNCERTAINTY_OUTLOOK,Frozen grading decision composed with a same-grade frozen Phase 5 external prediction; not an end-to-end observation.,RECORDED_FROZEN_EVIDENCE,HIGH_UNCERTAINTY_OUTLOOK,True,a40843abfed67d784a6535b137fe3d21ba86ad99c01ad9a4715b9b1dad15434e
EMP-003,EMPIRICAL_COMPOSITIONAL,20260508_235321_jpg.rf.DVKh782lvsVHTjq7cTvr.jpg,Grade 1|2026-08-25|2026-09-01,GRADE_1,V3 Grade 1,0.9063735008239746,0.9063735008239746,0.9063735008239746,PASSED,,grade_2/sample_026,Grade 1,2026-08-25,1892.43,1886.14,0.003334853192233922,0.0017866667929639281,0.0017882638330630751,1895.8141641256036,1850.0082293022103,1941.6200989489967,1892.43,RIDGE_BETTER,2026-09-01,https://exagri.info/mkt/2026/25.08.2026.html,EXTERNAL_NEWEST,HIGH_UNCERTAINTY_OUTLOOK,Frozen grading decision composed with a same-grade frozen Phase 5 external prediction; not an end-to-end observation.,RECORDED_FROZEN_EVIDENCE,HIGH_UNCERTAINTY_OUTLOOK,True,3dbe29bfdb02ceef274ef7f004f162105ae8ce3db0e4312ea15683e08d019876
EMP-004,EMPIRICAL_COMPOSITIONAL,20260508_235821_jpg.rf.BLdMue4l4RY32hAR15uC.jpg,Grade 2|2026-08-25|2026-09-01,GRADE_2,V3 Grade 2,0.9303818941116333,0.9303818941116333,0.9303818941116333,PASSED,,grade_2/sample_029,Grade 2,2026-08-25,1800.0,1800.0,0.0,-0.0014552623608031926,-0.001454203980003288,1797.382432835994,1576.4009405911631,2018.3639250808249,1800.0,RIDGE_BETTER,2026-09-01,https://exagri.info/mkt/2026/25.08.2026.html,EXTERNAL_NEWEST,HIGH_UNCERTAINTY_OUTLOOK,Frozen grading decision composed with a same-grade frozen Phase 5 external prediction; not an end-to-end observation.,RECORDED_FROZEN_EVIDENCE,HIGH_UNCERTAINTY_OUTLOOK,True,28a135747ebb8c790671b193d22d226ae66a2f402c717c82b9c516a040515f9c
EMP-005,EMPIRICAL_COMPOSITIONAL,20260509_001911_jpg.rf.DxQns8nxr2Z2GFXz4O4U.jpg,Grade 1|2026-09-01|2026-09-08,GRADE_1,V3 Grade 1,0.9224926233291626,0.9224926233291626,0.9224926233291626,PASSED,,grade_1/sample_061,Grade 1,2026-09-01,1918.57,1892.43,0.013812928351378817,0.0007137261968831298,0.0007139809600320568,1919.9398224504887,1873.501173531312,1966.3784713696657,1918.57,RIDGE_BETTER,2026-09-08,https://exagri.info/mkt/2026/01.09.2026.html,EXTERNAL_NEWEST,HIGH_UNCERTAINTY_OUTLOOK,Frozen grading decision composed with a same-grade frozen Phase 5 external prediction; not an end-to-end observation.,RECORDED_FROZEN_EVIDENCE,HIGH_UNCERTAINTY_OUTLOOK,True,3ff8562262e8e278e43c52dfc1309c36c17419605723794daeca5f9b6b0ce8b8
EMP-006,EMPIRICAL_COMPOSITIONAL,20260905_171541_jpg.rf.Et0wfbpd4a7cSO0OtFo6.jpg,Grade 2|2026-09-01|2026-09-08,GRADE_2,V3 Grade 2,0.9154617190361023,0.9154617190361023,0.9154617190361023,PASSED,,grade_2/sample_068,Grade 2,2026-09-01,1740.0,1800.0,-0.033333333333333326,0.00436849753820735,0.00437805333333352,1747.6178128000004,1534.0023702966637,1961.2332553033368,1740.0,RIDGE_BETTER,2026-09-08,https://exagri.info/mkt/2026/01.09.2026.html,EXTERNAL_NEWEST,HIGH_UNCERTAINTY_OUTLOOK,Frozen grading decision composed with a same-grade frozen Phase 5 external prediction; not an end-to-end observation.,RECORDED_FROZEN_EVIDENCE,HIGH_UNCERTAINTY_OUTLOOK,True,9386ab3d7823a754d840640c7122fe52891ca0936a84ca52a6df2fd51f217cd9
EMP-007,EMPIRICAL_COMPOSITIONAL,20260509_001932_jpg.rf.Gijw8jSmSHeu2gs0u4Rn.jpg,Grade 1|2026-09-08|2026-09-15,GRADE_1,V3 Grade 1,0.8901002407073975,0.8901002407073975,0.8901002407073975,PASSED,,grade_1/sample_061,Grade 1,2026-09-08,1957.5,1918.57,0.02029115434933315,0.00042796507362737995,0.00042805666374490237,1958.3379209192806,1910.9569782071103,2005.7188636314506,1957.5,RIDGE_BETTER,2026-09-15,https://exagri.info/mkt/2026/08.09.2026.html,EXTERNAL_NEWEST,HIGH_UNCERTAINTY_OUTLOOK,Frozen grading decision composed with a same-grade frozen Phase 5 external prediction; not an end-to-end observation.,RECORDED_FROZEN_EVIDENCE,HIGH_UNCERTAINTY_OUTLOOK,True,bf753188b81ce2207305ab5b79327b69cd4cf4fcf4327ea892a4b78adf9b00c5
EMP-008,EMPIRICAL_COMPOSITIONAL,20260905_172929_jpg.rf.BoCZ3i2fNeoXm0cOAbaY.jpg,Grade 2|2026-09-08|2026-09-15,GRADE_2,V3 Grade 2,0.9399175643920898,0.9399175643920898,0.9399175643920898,PASSED,,grade_2/sample_063,Grade 2,2026-09-08,1887.5,1740.0,0.08477011494252884,-0.01602541605602085,-0.015897692261954477,1857.493105855561,1625.7694577377174,2089.2167539734046,1887.5,PERSISTENCE_BETTER,2026-09-15,https://exagri.info/mkt/2026/08.09.2026.html,EXTERNAL_NEWEST,HIGH_UNCERTAINTY_OUTLOOK,Frozen grading decision composed with a same-grade frozen Phase 5 external prediction; not an end-to-end observation.,RECORDED_FROZEN_EVIDENCE,HIGH_UNCERTAINTY_OUTLOOK,True,d695e952613865fbfe28207fc39db97afcebd520c81b6fd6fa32c4ddc49ece77
EMP-009,EMPIRICAL_COMPOSITIONAL,20260509_110108_jpg.rf.H4A15YMWuMyuDkqDUlCW.jpg,Grade 1|2026-09-15|2026-09-29,GRADE_1,V3 Grade 1,0.9202491044998169,0.9202491044998169,0.9202491044998169,PASSED,,grade_1/sample_079,Grade 1,2026-09-15,1987.5,1957.5,0.015325670498084198,0.0015572508420478284,0.001558463986782277,1990.5974471737297,1942.4903597456641,2038.704534601795,1987.5,RIDGE_BETTER,2026-09-29,https://exagri.info/mkt/2026/15.09.2026.html,EXTERNAL_NEWEST,HIGH_UNCERTAINTY_OUTLOOK,Frozen grading decision composed with a same-grade frozen Phase 5 external prediction; not an end-to-end observation.,RECORDED_FROZEN_EVIDENCE,HIGH_UNCERTAINTY_OUTLOOK,True,a04279b07d9ec34ef718e7a00af4d4c0c027f247d29b2c00459f8fcdd73c6631
EMP-010,EMPIRICAL_COMPOSITIONAL,20260508_171951_jpg.rf.R3vyqYonKH4W1pIbMZhe.jpg,Grade 2|2026-09-15|2026-09-29,GRADE_2,V3 Grade 2,0.9621198773384094,0.9621198773384094,0.9621198773384094,PASSED,,grade_2/sample_004,Grade 2,2026-09-15,1940.0,1887.5,0.027814569536423805,-0.004582018574950818,-0.004571537142656901,1931.1312179432457,1692.9622763015946,2169.300159584897,1940.0,RIDGE_BETTER,2026-09-29,https://exagri.info/mkt/2026/15.09.2026.html,EXTERNAL_NEWEST,HIGH_UNCERTAINTY_OUTLOOK,Frozen grading decision composed with a same-grade frozen Phase 5 external prediction; not an end-to-end observation.,RECORDED_FROZEN_EVIDENCE,HIGH_UNCERTAINTY_OUTLOOK,True,3c54d6fdb7f172854bad3f0ae185e4499ac7d68e6699a45c61b1d9cbde4ff88f
EMP-011,EMPIRICAL_COMPOSITIONAL,p3fu_aerial_crop_imagery_0010,,NO_PEPPER,,0.0,0.0,0.0,NOT_APPLICABLE,no_detection_above_threshold,,,,,,,,,,,,,,,,,REJECT,Frozen rejection/uncertainty must prevent grade-specific price routing.,RECORDED_FROZEN_EVIDENCE,REJECT,True,023cd2c475198c49ef092fdbd1b628584b87584b5a9355a5c4e6c32e6711e1f6
EMP-012,EMPIRICAL_COMPOSITIONAL,p3fu_agricultural_materials_0002,,POOR_IMAGE,,0.0,0.0,0.0,FAILED,blur_variance_below_minimum,,,,,,,,,,,,,,,,,REJECT,Frozen rejection/uncertainty must prevent grade-specific price routing.,RECORDED_FROZEN_EVIDENCE,REJECT,True,c794df894405e14121a2a5a7c6804ca8e956d6f058138583c87bb6034e7c58fa
EMP-013,EMPIRICAL_COMPOSITIONAL,20260814_163149_jpg.rf.akYgyVxsjFSkI9lbWxrt.jpg,,UNCERTAIN_GRADE,,0.7029590010643005,0.7029590010643005,0.11255991458892822,NOT_APPLICABLE,grade_margin_below_minimum,grade_2/sample_040,,,,,,,,,,,,,,,,UNCERTAIN_GRADE,Frozen rejection/uncertainty must prevent grade-specific price routing.,RECORDED_FROZEN_EVIDENCE,UNCERTAIN_GRADE,True,f61e840472d6b16b694496a73bf83ac553229a6ce595bda27e3a850fd0c38f45
LOGIC-001,LOGIC_TEST,SYNTHETIC_LOGIC_ONLY,SYNTHETIC_LOGIC_ONLY,NO_PEPPER,,,,,NOT_APPLICABLE,logic_test_reason,LOGIC-001,,,,,,,,,,,,MIXED,,SYNTHETIC_LOGIC_ONLY,LOGIC_TEST,REJECT,non-pepper blocks market output,SYNTHETIC_LOGIC_TEST_NOT_EMPIRICAL,REJECT,True,04160ab57cd8a04340380121a0d4adba76e1a6c9b178af574314e22fe25ab708
LOGIC-002,LOGIC_TEST,SYNTHETIC_LOGIC_ONLY,SYNTHETIC_LOGIC_ONLY,POOR_IMAGE,,,,,FAILED,logic_test_reason,LOGIC-002,,,,,,,,,,,,MIXED,,SYNTHETIC_LOGIC_ONLY,LOGIC_TEST,REJECT,quality rejection blocks market output,SYNTHETIC_LOGIC_TEST_NOT_EMPIRICAL,REJECT,True,db188f4719dd5d173143fda6c4da5d9867ee8135d43837c0589d9ec3919b7ad7
LOGIC-003,LOGIC_TEST,SYNTHETIC_LOGIC_ONLY,SYNTHETIC_LOGIC_ONLY,UNCERTAIN_GRADE,,,,,NOT_APPLICABLE,logic_test_reason,LOGIC-003,,,,,,,,,,,,MIXED,,SYNTHETIC_LOGIC_ONLY,LOGIC_TEST,UNCERTAIN_GRADE,uncertain grade blocks routing,SYNTHETIC_LOGIC_TEST_NOT_EMPIRICAL,UNCERTAIN_GRADE,True,a923d603315862a6a5e4e6f781f66256d3f4c5debba87c48a1043724c00bf831
LOGIC-004,LOGIC_TEST,SYNTHETIC_LOGIC_ONLY,SYNTHETIC_LOGIC_ONLY,GRADE_1,V3 Grade 1,0.8,0.8,0.5,PASSED,,LOGIC-004,Grade 1,2026-01-01,100,95.0,0.01,0.09531,0.1,110,105,115,100,RIDGE_BETTER,2026-01-08,SYNTHETIC_LOGIC_ONLY,LOGIC_TEST,UPWARD_PRICE_OUTLOOK,synthetic deterministic branch test,SYNTHETIC_LOGIC_TEST_NOT_EMPIRICAL,UPWARD_PRICE_OUTLOOK,True,67d3ff15fb7d7bef05e7bfcd2c67894675cbb5c10cc32a07d2a94e43e0cf8f8d
LOGIC-005,LOGIC_TEST,SYNTHETIC_LOGIC_ONLY,SYNTHETIC_LOGIC_ONLY,GRADE_1,V3 Grade 1,0.8,0.8,0.5,PASSED,,LOGIC-005,Grade 1,2026-01-01,100,95.0,0.01,-0.10536,-0.1,90,85,95,100,RIDGE_BETTER,2026-01-08,SYNTHETIC_LOGIC_ONLY,LOGIC_TEST,DOWNWARD_PRICE_OUTLOOK,synthetic deterministic branch test,SYNTHETIC_LOGIC_TEST_NOT_EMPIRICAL,DOWNWARD_PRICE_OUTLOOK,True,733516bcb9f9e4ab123d36e8517de947ceb189ca5ddee536a85809aab8efff59
LOGIC-006,LOGIC_TEST,SYNTHETIC_LOGIC_ONLY,SYNTHETIC_LOGIC_ONLY,GRADE_2,V3 Grade 2,0.8,0.8,0.5,PASSED,,LOGIC-006,Grade 2,2026-01-01,100,95.0,0.01,0.09531,0.1,110,105,115,100,RIDGE_BETTER,2026-01-08,SYNTHETIC_LOGIC_ONLY,LOGIC_TEST,UPWARD_PRICE_OUTLOOK,synthetic deterministic branch test,SYNTHETIC_LOGIC_TEST_NOT_EMPIRICAL,UPWARD_PRICE_OUTLOOK,True,cc6625d45801fe5919e1640a56c558aca00f8ef80ebf130e6c0adb64e92f2d1c
LOGIC-007,LOGIC_TEST,SYNTHETIC_LOGIC_ONLY,SYNTHETIC_LOGIC_ONLY,GRADE_2,V3 Grade 2,0.8,0.8,0.5,PASSED,,LOGIC-007,Grade 2,2026-01-01,100,95.0,0.01,-0.10536,-0.1,90,85,95,100,RIDGE_BETTER,2026-01-08,SYNTHETIC_LOGIC_ONLY,LOGIC_TEST,DOWNWARD_PRICE_OUTLOOK,synthetic deterministic branch test,SYNTHETIC_LOGIC_TEST_NOT_EMPIRICAL,DOWNWARD_PRICE_OUTLOOK,True,dccfda68bf1e1aeb3887703a3e4cd39c7569b216733a6911295a48432b94e584
LOGIC-008,LOGIC_TEST,SYNTHETIC_LOGIC_ONLY,SYNTHETIC_LOGIC_ONLY,GRADE_1,V3 Grade 1,0.8,0.8,0.5,PASSED,,LOGIC-008,Grade 1,2026-01-01,100,95.0,0.01,4e-05,4e-05,100.004,100,100,100,TIE,2026-01-08,SYNTHETIC_LOGIC_ONLY,LOGIC_TEST,FLAT_PRICE_OUTLOOK,synthetic deterministic branch test,SYNTHETIC_LOGIC_TEST_NOT_EMPIRICAL,FLAT_PRICE_OUTLOOK,True,fd67ca1fcd81276a7a0de6e64eb926e8e963e2f58d42fa6871d842683af61271
LOGIC-009,LOGIC_TEST,SYNTHETIC_LOGIC_ONLY,SYNTHETIC_LOGIC_ONLY,CONFLICTING_SAMPLE_VIEWS,,,,,NOT_APPLICABLE,logic_test_reason,LOGIC-009,,,,,,,,,,,,MIXED,,SYNTHETIC_LOGIC_ONLY,LOGIC_TEST,CONFLICTING_SAMPLE_VIEWS,conflicting accepted views block routing,SYNTHETIC_LOGIC_TEST_NOT_EMPIRICAL,CONFLICTING_SAMPLE_VIEWS,True,3296ee3dbf2c58f81aaad51ab2a4340061cb7130bef8170f0a5a9f41ef7af56b
LOGIC-010,LOGIC_TEST,SYNTHETIC_LOGIC_ONLY,SYNTHETIC_LOGIC_ONLY,GRADE_1,V3 Grade 1,0.8,0.8,0.5,PASSED,,LOGIC-010,,,,,,,,,,,,MIXED,,SYNTHETIC_LOGIC_ONLY,LOGIC_TEST,PRICE_DATA_UNAVAILABLE,missing reference price fails closed,SYNTHETIC_LOGIC_TEST_NOT_EMPIRICAL,PRICE_DATA_UNAVAILABLE,True,99386f0822c8a10e1fbdf4bc5375c5be52b8a554ac1f0d54b01761e11d87a027
LOGIC-011,LOGIC_TEST,SYNTHETIC_LOGIC_ONLY,SYNTHETIC_LOGIC_ONLY,GRADE_1,V3 Grade 1,0.8,0.8,0.5,PASSED,,LOGIC-011,Grade 1,2026-01-01,100,95.0,0.01,,,,,,100,MIXED,,SYNTHETIC_LOGIC_ONLY,LOGIC_TEST,FORECAST_UNAVAILABLE,missing forecast fails closed,SYNTHETIC_LOGIC_TEST_NOT_EMPIRICAL,FORECAST_UNAVAILABLE,True,a886ba87c9c699429975f105dc8efa4c152df8f9fbd245c6951a72e351434fb8
LOGIC-012,LOGIC_TEST,SYNTHETIC_LOGIC_ONLY,SYNTHETIC_LOGIC_ONLY,GRADE_1,V3 Grade 1,0.8,0.8,0.5,PASSED,,LOGIC-012,Grade 1,2026-01-01,100,95.0,0.01,0.09531,0.1,110,80,120,100,RIDGE_BETTER,2026-01-08,SYNTHETIC_LOGIC_ONLY,LOGIC_TEST,HIGH_UNCERTAINTY_OUTLOOK,interval crosses reference price,SYNTHETIC_LOGIC_TEST_NOT_EMPIRICAL,HIGH_UNCERTAINTY_OUTLOOK,True,e5ae6657bd1005523c4f55a65c52aa50b6009fa7570838918ddd80e56e4983d3
LOGIC-013,LOGIC_TEST,SYNTHETIC_LOGIC_ONLY,SYNTHETIC_LOGIC_ONLY,GRADE_1,V3 Grade 1,0.8,0.8,0.5,PASSED,,LOGIC-013,Grade 1,2026-01-01,100,95.0,0.01,0.09531,0.1,110,105,115,100,PERSISTENCE_BETTER,2026-01-08,SYNTHETIC_LOGIC_ONLY,LOGIC_TEST,UPWARD_PRICE_OUTLOOK,direction remains visible but signal is limited,SYNTHETIC_LOGIC_TEST_NOT_EMPIRICAL,UPWARD_PRICE_OUTLOOK,True,e9426aebafb745f654c1e1683cd94e0298a06d4ea55d555c09c84a7f2dc60cdd
LOGIC-014,LOGIC_TEST,SYNTHETIC_LOGIC_ONLY,SYNTHETIC_LOGIC_ONLY,GRADE_1,V3 Grade 1,0.8,0.8,0.5,PASSED,,LOGIC-014,Grade 1,2026-01-01,100,95.0,0.01,0.09531,0.1,110,105,115,100,RIDGE_BETTER,2026-01-08,SYNTHETIC_LOGIC_ONLY,LOGIC_TEST,UPWARD_PRICE_OUTLOOK,relative support requires documented advantage and non-crossing interval,SYNTHETIC_LOGIC_TEST_NOT_EMPIRICAL,UPWARD_PRICE_OUTLOOK,True,d7835b4bb965e63ab155f4c392d05a88cd5275e947231cc8a76ce92358eeef12
LOGIC-015,LOGIC_TEST,SYNTHETIC_LOGIC_ONLY,SYNTHETIC_LOGIC_ONLY,GRADE_1,V3 Grade 1,0.8,0.8,0.5,PASSED,,LOGIC-015,Grade 2,2026-01-01,100,95.0,0.01,0.09531,0.1,110,105,115,100,RIDGE_BETTER,2026-01-08,SYNTHETIC_LOGIC_ONLY,LOGIC_TEST,ERROR_GRADE_PRICE_MISMATCH,wrong-series routing must raise,SYNTHETIC_LOGIC_TEST_NOT_EMPIRICAL,ERROR_GRADE_PRICE_MISMATCH,True,7154be02ea01b10cc3fccd47c58ba980babc34cb73437f59075e20905d738274
