image_id,category,phase3_partition,query,source,source_page_url,download_url,commons_title,creator,license_short_name,license_url,attribution,local_path,sha256,bytes
buildings_indoor_001,buildings_indoor,EVALUATION,building interior,Wikimedia Commons,"https://commons.wikimedia.org/wiki/File:D%C3%BClmen,_Alte_Brennerei_L%C3%B6hning_--_2015_--_8664-8.jpg",https://thumb.wikimedia.org/wikipedia/commons/thumb/a/ad/D%C3%BClmen%2C_Alte_Brennerei_L%C3%B6hning_--_2015_--_8664-8.jpg/960px-D%C3%BClmen%2C_Alte_Brennerei_L%C3%B6hning_--_2015_--_8664-8.jpg?utm_source=commons.wikimedia.org&utm_campaign=imageinfo&utm_content=thumbnail,"File:Dülmen, Alte Brennerei Löhning -- 2015 -- 8664-8.jpg",Dietmar Rabich,CC BY-SA 4.0,https://creativecommons.org/licenses/by-sa/4.0,Own work,data/external/phase3_rejection/non_pepper/buildings_indoor/buildings_indoor_001.jpg,a6ed86b1b910a29dd5792200493b6bbd17ff18cfb0ca19c48debaf7f903a0b8e,499043
buildings_indoor_002,buildings_indoor,CALIBRATION,building interior,Wikimedia Commons,"https://commons.wikimedia.org/wiki/File:D%C3%BClmen,_Alte_Brennerei_L%C3%B6hning_--_2015_--_8677-81.jpg",https://thumb.wikimedia.org/wikipedia/commons/thumb/9/9a/D%C3%BClmen%2C_Alte_Brennerei_L%C3%B6hning_--_2015_--_8677-81.jpg/960px-D%C3%BClmen%2C_Alte_Brennerei_L%C3%B6hning_--_2015_--_8677-81.jpg?utm_source=commons.wikimedia.org&utm_campaign=imageinfo&utm_content=thumbnail,"File:Dülmen, Alte Brennerei Löhning -- 2015 -- 8677-81.jpg",Dietmar Rabich,CC BY-SA 4.0,https://creativecommons.org/licenses/by-sa/4.0,Own work,data/external/phase3_rejection/non_pepper/buildings_indoor/buildings_indoor_002.jpg,03b85f94f8ae83860bbb5e7f8f1af6905dbea42ebf47dfba345b046c277b2e79,169303
buildings_indoor_003,buildings_indoor,EVALUATION,building interior,Wikimedia Commons,https://commons.wikimedia.org/wiki/File:Antwerp_Central_station_train_shed_and_underground_levels_(DSCF4745).jpg,https://thumb.wikimedia.org/wikipedia/commons/thumb/9/91/Antwerp_Central_station_train_shed_and_underground_levels_%28DSCF4745%29.jpg/960px-Antwerp_Central_station_train_shed_and_underground_levels_%28DSCF4745%29.jpg?utm_source=commons.wikimedia.org&utm_campaign=imageinfo&utm_content=thumbnail,File:Antwerp Central station train shed and underground levels (DSCF4745).jpg,Trougnouf,CC BY 4.0,https://creativecommons.org/licenses/by/4.0,Own work,data/external/phase3_rejection/non_pepper/buildings_indoor/buildings_indoor_003.jpg,d90def3266ac5eeae3955e3aa83835eb393042c5d2be4ab2e3482980f85ed4ae,192235
buildings_indoor_004,buildings_indoor,CALIBRATION,building interior,Wikimedia Commons,"https://commons.wikimedia.org/wiki/File:Landgericht_Berlin,_Littenstra%C3%9Fe,_Eingangshalle_(2),_160906,_ako.jpg",https://thumb.wikimedia.org/wikipedia/commons/thumb/2/26/Landgericht_Berlin%2C_Littenstra%C3%9Fe%2C_Eingangshalle_%282%29%2C_160906%2C_ako.jpg/960px-Landgericht_Berlin%2C_Littenstra%C3%9Fe%2C_Eingangshalle_%282%29%2C_160906%2C_ako.jpg?utm_source=commons.wikimedia.org&utm_campaign=imageinfo&utm_content=thumbnail,"File:Landgericht Berlin, Littenstraße, Eingangshalle (2), 160906, ako.jpg",Ansgar Koreng,CC BY 3.0 de,https://creativecommons.org/licenses/by/3.0/de/deed.en,Own work,data/external/phase3_rejection/non_pepper/buildings_indoor/buildings_indoor_004.jpg,1a7cfd33415f520dc6a7ce3fbce5bdc4ea0b7acb8665ee5d56ae5355328cba3a,226016
buildings_indoor_005,buildings_indoor,EVALUATION,building interior,Wikimedia Commons,"https://commons.wikimedia.org/wiki/File:Palacio_de_Golest%C3%A1n,_Teher%C3%A1n,_Ir%C3%A1n,_2016-09-17,_DD_40-42_HDR.jpg",https://thumb.wikimedia.org/wikipedia/commons/thumb/b/b8/Palacio_de_Golest%C3%A1n%2C_Teher%C3%A1n%2C_Ir%C3%A1n%2C_2016-09-17%2C_DD_40-42_HDR.jpg/960px-Palacio_de_Golest%C3%A1n%2C_Teher%C3%A1n%2C_Ir%C3%A1n%2C_2016-09-17%2C_DD_40-42_HDR.jpg?utm_source=commons.wikimedia.org&utm_campaign=imageinfo&utm_content=thumbnail,"File:Palacio de Golestán, Teherán, Irán, 2016-09-17, DD 40-42 HDR.jpg",Diego Delso,CC BY-SA 4.0,https://creativecommons.org/licenses/by-sa/4.0,Own work,data/external/phase3_rejection/non_pepper/buildings_indoor/buildings_indoor_005.jpg,0d0205523eaae228812bea82dd470b936c9f50eda03094c51b402faaa62ea649,496370
buildings_indoor_006,buildings_indoor,CALIBRATION,building interior,Wikimedia Commons,"https://commons.wikimedia.org/wiki/File:Mezquita_de_Nasirolmolk,_Shiraz,_Ir%C3%A1n,_2016-09-24,_DD_66-68_HDR.jpg",https://thumb.wikimedia.org/wikipedia/commons/thumb/a/a3/Mezquita_de_Nasirolmolk%2C_Shiraz%2C_Ir%C3%A1n%2C_2016-09-24%2C_DD_66-68_HDR.jpg/960px-Mezquita_de_Nasirolmolk%2C_Shiraz%2C_Ir%C3%A1n%2C_2016-09-24%2C_DD_66-68_HDR.jpg?utm_source=commons.wikimedia.org&utm_campaign=imageinfo&utm_content=thumbnail,"File:Mezquita de Nasirolmolk, Shiraz, Irán, 2016-09-24, DD 66-68 HDR.jpg",Diego Delso,CC BY-SA 4.0,https://creativecommons.org/licenses/by-sa/4.0,This is a photo of a monument in Iran identified by the ID,data/external/phase3_rejection/non_pepper/buildings_indoor/buildings_indoor_006.jpg,13b5b974a18a903e7c7cd76e67ccf8e614db3c837d481e1d82d63868376b3f62,272496
buildings_indoor_007,buildings_indoor,CALIBRATION,building interior,Wikimedia Commons,"https://commons.wikimedia.org/wiki/File:%C5%A0iauliai_Cathedral_Interior_1,_%C5%A0iauliai,_Lithuania_-_Diliff.jpg",https://thumb.wikimedia.org/wikipedia/commons/thumb/6/61/%C5%A0iauliai_Cathedral_Interior_1%2C_%C5%A0iauliai%2C_Lithuania_-_Diliff.jpg/960px-%C5%A0iauliai_Cathedral_Interior_1%2C_%C5%A0iauliai%2C_Lithuania_-_Diliff.jpg?utm_source=commons.wikimedia.org&utm_campaign=imageinfo&utm_content=thumbnail,"File:Šiauliai Cathedral Interior 1, Šiauliai, Lithuania - Diliff.jpg",Diliff,CC BY-SA 3.0,https://creativecommons.org/licenses/by-sa/3.0,Own work,data/external/phase3_rejection/non_pepper/buildings_indoor/buildings_indoor_007.jpg,add810f0946dce772d4dacbe1663d366889f12488612cb295b7e11ab2743359f,168878
buildings_indoor_008,buildings_indoor,EVALUATION,building interior,Wikimedia Commons,"https://commons.wikimedia.org/wiki/File:Interior_of_the_Tokyo_International_Forum_Glass_Building,_Japan.jpg",https://thumb.wikimedia.org/wikipedia/commons/thumb/5/51/Interior_of_the_Tokyo_International_Forum_Glass_Building%2C_Japan.jpg/960px-Interior_of_the_Tokyo_International_Forum_Glass_Building%2C_Japan.jpg?utm_source=commons.wikimedia.org&utm_campaign=imageinfo&utm_content=thumbnail,"File:Interior of the Tokyo International Forum Glass Building, Japan.jpg",Basile Morin,CC BY-SA 4.0,https://creativecommons.org/licenses/by-sa/4.0,Own work,data/external/phase3_rejection/non_pepper/buildings_indoor/buildings_indoor_008.jpg,7c7570e1250213642fcb34f491f0f553e15298d5e359f57caacee362c3345495,454248
containers_001,containers,CALIBRATION,bowls baskets containers,Wikimedia Commons,https://commons.wikimedia.org/wiki/File:DSC_9968_A_colorful_market_stall_stacked_with_plastic_baskets_bowls_and_containers_under_warm_string_lights.jpg,https://thumb.wikimedia.org/wikipedia/commons/thumb/5/5b/DSC_9968_A_colorful_market_stall_stacked_with_plastic_baskets_bowls_and_containers_under_warm_string_lights.jpg/960px-DSC_9968_A_colorful_market_stall_stacked_with_plastic_baskets_bowls_and_containers_under_warm_string_lights.jpg?utm_source=commons.wikimedia.org&utm_campaign=imageinfo&utm_content=thumbnail,File:DSC 9968 A colorful market stall stacked with plastic baskets bowls and containers under warm string lights.jpg,PattayaPatrol,CC BY-SA 4.0,https://creativecommons.org/licenses/by-sa/4.0,Flickr,data/external/phase3_rejection/non_pepper/containers/containers_001.jpg,86e41a6ad3ecd3f18b96c9c946b89e673c798a679979ed3b9c9816c5ac43564b,119224
containers_002,containers,CALIBRATION,bowls baskets containers,Wikimedia Commons,https://commons.wikimedia.org/wiki/File:Empty_pint-sized_molded_pulp_produce_baskets.jpg,https://thumb.wikimedia.org/wikipedia/commons/thumb/c/c0/Empty_pint-sized_molded_pulp_produce_baskets.jpg/960px-Empty_pint-sized_molded_pulp_produce_baskets.jpg?utm_source=commons.wikimedia.org&utm_campaign=imageinfo&utm_content=thumbnail,File:Empty pint-sized molded pulp produce baskets.jpg,Kayaker,CC BY-SA 4.0,https://creativecommons.org/licenses/by-sa/4.0,Own work,data/external/phase3_rejection/non_pepper/containers/containers_002.jpg,c958974ec7278dafd8b04a9e9e14e4c488f9a485c0dc752bc046ce1dc24740a2,136857
containers_003,containers,CALIBRATION,bowls baskets containers,Wikimedia Commons,"https://commons.wikimedia.org/wiki/File:National_Museum_of_Ethnology,_Osaka_-_Steamed_rice_container_-_Jawa_in_Indonesia_-_Collected_in_the_1990s_-_Material._Bamboo.jpg",https://thumb.wikimedia.org/wikipedia/commons/thumb/c/ca/National_Museum_of_Ethnology%2C_Osaka_-_Steamed_rice_container_-_Jawa_in_Indonesia_-_Collected_in_the_1990s_-_Material._Bamboo.jpg/960px-National_Museum_of_Ethnology%2C_Osaka_-_Steamed_rice_container_-_Jawa_in_Indonesia_-_Collected_in_the_1990s_-_Material._Bamboo.jpg?utm_source=commons.wikimedia.org&utm_campaign=imageinfo&utm_content=thumbnail,"File:National Museum of Ethnology, Osaka - Steamed rice container - Jawa in Indonesia - Collected in the 1990s - Material. Bamboo.jpg",Yanajin33,CC BY-SA 3.0,https://creativecommons.org/licenses/by-sa/3.0,Own work,data/external/phase3_rejection/non_pepper/containers/containers_003.jpg,380b0816dc371f5d544a49126cf96e63ecc1c546305402a4e5ff5d23eb960847,148137
containers_004,containers,CALIBRATION,bowls baskets containers,Wikimedia Commons,https://commons.wikimedia.org/wiki/File:Apache-still-life_restored-2.jpg,https://thumb.wikimedia.org/wikipedia/commons/thumb/4/4a/Apache-still-life_restored-2.jpg/960px-Apache-still-life_restored-2.jpg?utm_source=commons.wikimedia.org&utm_campaign=imageinfo&utm_content=thumbnail,File:Apache-still-life restored-2.jpg,"Apache-still-life_restored.jpg: Edward S. Curtis
derivative work: Time3000 (talk)",Public domain,,Apache-still-life_restored.jpg,data/external/phase3_rejection/non_pepper/containers/containers_004.jpg,96229e2f52ec88b70eb979cd526ab60749748b8c47cae762378c15f631027782,190187
containers_005,containers,EVALUATION,bowls baskets containers,Wikimedia Commons,https://commons.wikimedia.org/wiki/File:Apache-still-life_restored.jpg,https://thumb.wikimedia.org/wikipedia/commons/thumb/7/7a/Apache-still-life_restored.jpg/960px-Apache-still-life_restored.jpg?utm_source=commons.wikimedia.org&utm_campaign=imageinfo&utm_content=thumbnail,File:Apache-still-life restored.jpg,Edward S. Curtis,Public domain,,"File:Apache-still-life.jpg (Edward S. Curtis Collection, Library of Congress, REPRODUCTION NUMBER: LC-USZ62-130198)",data/external/phase3_rejection/non_pepper/containers/containers_005.jpg,d4c8ed7c50a835d37a367310bfea3620ce9c35762ae6bfaa3eaacdfdc4649375,213784
containers_006,containers,EVALUATION,bowls baskets containers,Wikimedia Commons,https://commons.wikimedia.org/wiki/File:Athabascan_Food_Culture_Tree_and_lifestyle_(35532655400).jpg,https://thumb.wikimedia.org/wikipedia/commons/thumb/e/e3/Athabascan_Food_Culture_Tree_and_lifestyle_%2835532655400%29.jpg/960px-Athabascan_Food_Culture_Tree_and_lifestyle_%2835532655400%29.jpg?utm_source=commons.wikimedia.org&utm_campaign=imageinfo&utm_content=thumbnail,File:Athabascan Food Culture Tree and lifestyle (35532655400).jpg,USFWSAlaska,Public domain,,Athabascan Food Culture Tree and lifestyle.,data/external/phase3_rejection/non_pepper/containers/containers_006.jpg,7f6d6d1acc2ba17c9963cb6704013ad68e0639f04350c8ae852763292ddc6709,184375
containers_007,containers,EVALUATION,bowls baskets containers,Wikimedia Commons,https://commons.wikimedia.org/wiki/File:Food_at_traditional_wedding.JPG,https://thumb.wikimedia.org/wikipedia/commons/thumb/c/c0/Food_at_traditional_wedding.JPG/960px-Food_at_traditional_wedding.JPG?utm_source=commons.wikimedia.org&utm_campaign=imageinfo&utm_content=thumbnail,File:Food at traditional wedding.JPG,Nke Valentine Yong,CC BY-SA 4.0,https://creativecommons.org/licenses/by-sa/4.0,Own work,data/external/phase3_rejection/non_pepper/containers/containers_007.jpg,43cf41a07fc8810749f513e06d84f4056ebacaf0f22b91b1b8160f3af10e14f4,98788
containers_008,containers,EVALUATION,bowls baskets containers,Wikimedia Commons,https://commons.wikimedia.org/wiki/File:Animal_flask_MET_DP216062.jpg,https://thumb.wikimedia.org/wikipedia/commons/thumb/1/13/Animal_flask_MET_DP216062.jpg/960px-Animal_flask_MET_DP216062.jpg?utm_source=commons.wikimedia.org&utm_campaign=imageinfo&utm_content=thumbnail,File:Animal flask MET DP216062.jpg,,CC0,http://creativecommons.org/publicdomain/zero/1.0/deed.en,This file was donated to Wikimedia Commons as part of a project by the Metropolitan Museum of Art. See the Image and Data Resources Open Access Policy,data/external/phase3_rejection/non_pepper/containers/containers_008.jpg,d882094c89f2bada9d423fed96971cd4cbdde1a170748911219b8a87298c2cd5,89589
empty_background_001,empty_background,EVALUATION,empty room landscape,Wikimedia Commons,https://commons.wikimedia.org/wiki/File:DSC_7583_A_dim_empty_room_with_a_glossy_marble_counter_in_the_foreground_and_sunlight_streaming_through_open_windows_to_a_green_landscape_beyond.jpg,https://thumb.wikimedia.org/wikipedia/commons/thumb/2/22/DSC_7583_A_dim_empty_room_with_a_glossy_marble_counter_in_the_foreground_and_sunlight_streaming_through_open_windows_to_a_green_landscape_beyond.jpg/960px-DSC_7583_A_dim_empty_room_with_a_glossy_marble_counter_in_the_foreground_and_sunlight_streaming_through_open_windows_to_a_green_landscape_beyond.jpg?utm_source=commons.wikimedia.org&utm_campaign=imageinfo&utm_content=thumbnail,File:DSC 7583 A dim empty room with a glossy marble counter in the foreground and sunlight streaming through open windows to a green landscape beyond.jpg,PattayaPatrol,CC BY-SA 4.0,https://creativecommons.org/licenses/by-sa/4.0,Flickr,data/external/phase3_rejection/non_pepper/empty_background/empty_background_001.jpg,19ffad8703074a644c4e726d270cbdea1e38109ef4321f495b77e90a75fbacab,86638
empty_background_002,empty_background,EVALUATION,empty room landscape,Wikimedia Commons,https://commons.wikimedia.org/wiki/File:Another_empty_room.jpg,https://upload.wikimedia.org/wikipedia/commons/c/c2/Another_empty_room.jpg?utm_source=commons.wikimedia.org&utm_campaign=imageinfo&utm_content=thumbnail_unscaled,File:Another empty room.jpg,Erik Pevernagie,CC BY-SA 3.0,https://creativecommons.org/licenses/by-sa/3.0,,data/external/phase3_rejection/non_pepper/empty_background/empty_background_002.jpg,cd6d763fc2cc9f150ea148166707332891af258bc03cfc2f84df82eafd5f21b7,25550
empty_background_003,empty_background,EVALUATION,empty room landscape,Wikimedia Commons,https://commons.wikimedia.org/wiki/File:Marczell_Gy%C3%B6rgy_Tanterem.jpg,https://thumb.wikimedia.org/wikipedia/commons/thumb/0/08/Marczell_Gy%C3%B6rgy_Tanterem.jpg/960px-Marczell_Gy%C3%B6rgy_Tanterem.jpg?utm_source=commons.wikimedia.org&utm_campaign=imageinfo&utm_content=thumbnail,File:Marczell György Tanterem.jpg,TomPeris,CC BY-SA 4.0,https://creativecommons.org/licenses/by-sa/4.0,Own work,data/external/phase3_rejection/non_pepper/empty_background/empty_background_003.jpg,4f4215ac0a9db0e0ffe07df9858706431380e413ac6019ae8934f5dab10c237d,109131
empty_background_004,empty_background,CALIBRATION,empty room landscape,Wikimedia Commons,https://commons.wikimedia.org/wiki/File:Giovanni_Girolamo_Savoldo_-_Mary_Magdalene_-_Google_Art_Project.jpg,https://thumb.wikimedia.org/wikipedia/commons/thumb/b/b8/Giovanni_Girolamo_Savoldo_-_Mary_Magdalene_-_Google_Art_Project.jpg/960px-Giovanni_Girolamo_Savoldo_-_Mary_Magdalene_-_Google_Art_Project.jpg?utm_source=commons.wikimedia.org&utm_campaign=imageinfo&utm_content=thumbnail,File:Giovanni Girolamo Savoldo - Mary Magdalene - Google Art Project.jpg,Giovanni Girolamo Savoldo,Public domain,,Google Arts &amp; Culture  — vwHjk7Hk3NKAow,data/external/phase3_rejection/non_pepper/empty_background/empty_background_004.jpg,33923e6a0688632a27525f7e1ba35a8796b49ee49943f603220125e2f764a0fd,234696
empty_background_005,empty_background,EVALUATION,empty room landscape,Wikimedia Commons,"https://commons.wikimedia.org/wiki/File:Behind_the_torn_curtain,_a_Valentine_from_New_Orleans_-_Flickr_-_Ben_Ledbetter,_Architect.jpg",https://thumb.wikimedia.org/wikipedia/commons/thumb/0/0d/Behind_the_torn_curtain%2C_a_Valentine_from_New_Orleans_-_Flickr_-_Ben_Ledbetter%2C_Architect.jpg/960px-Behind_the_torn_curtain%2C_a_Valentine_from_New_Orleans_-_Flickr_-_Ben_Ledbetter%2C_Architect.jpg?utm_source=commons.wikimedia.org&utm_campaign=imageinfo&utm_content=thumbnail,"File:Behind the torn curtain, a Valentine from New Orleans - Flickr - Ben Ledbetter, Architect.jpg","Ben Ledbetter, Architect from New Haven, Connecticut, USA",CC BY 2.0,https://creativecommons.org/licenses/by/2.0,Behind the torn curtain: a Valentine from New Orleans,data/external/phase3_rejection/non_pepper/empty_background/empty_background_005.jpg,12ece0bd20baf7cdaf4af3119a13fc2e88216a8014ade28765dd96102c3a325b,198012
empty_background_006,empty_background,CALIBRATION,empty room landscape,Wikimedia Commons,https://commons.wikimedia.org/wiki/File:American_homes_and_gardens_(1909)_(17533214374).jpg,https://thumb.wikimedia.org/wikipedia/commons/thumb/1/10/American_homes_and_gardens_%281909%29_%2817533214374%29.jpg/960px-American_homes_and_gardens_%281909%29_%2817533214374%29.jpg?utm_source=commons.wikimedia.org&utm_campaign=imageinfo&utm_content=thumbnail,File:American homes and gardens (1909) (17533214374).jpg,Internet Archive Book Images,No restrictions,https://www.flickr.com/commons/usage/,https://www.flickr.com/photos/internetarchivebookimages/17533214374/,data/external/phase3_rejection/non_pepper/empty_background/empty_background_006.jpg,1981b4bca25322687608c8cccc934bf37c232c1944c1307d79e2cb6a3a9bf979,201873
empty_background_007,empty_background,CALIBRATION,empty room landscape,Wikimedia Commons,https://commons.wikimedia.org/wiki/File:The_art_of_the_Netherland_galleries_-_being_a_history_of_the_Dutch_school_of_painting_illuminated_and_demonstrated_by_critical_descriptions_of_the_great_paintings_in_the_many_galleries_(1908)_(14770775141).jpg,https://thumb.wikimedia.org/wikipedia/commons/thumb/2/2c/The_art_of_the_Netherland_galleries_-_being_a_history_of_the_Dutch_school_of_painting_illuminated_and_demonstrated_by_critical_descriptions_of_the_great_paintings_in_the_many_galleries_%281908%29_%2814770775141%29.jpg/960px-thumbnail.jpg?utm_source=commons.wikimedia.org&utm_campaign=imageinfo&utm_content=thumbnail,File:The art of the Netherland galleries - being a history of the Dutch school of painting illuminated and demonstrated by critical descriptions of the great paintings in the many galleries (1908) (14770775141).jpg,Internet Archive Book Images,No restrictions,https://www.flickr.com/commons/usage/,https://www.flickr.com/photos/internetarchivebookimages/14770775141/,data/external/phase3_rejection/non_pepper/empty_background/empty_background_007.jpg,1d12d85470592d0d8f60670a02da26f25be4e1d39bd789102074a75a0dfa44dd,233563
empty_background_008,empty_background,CALIBRATION,empty room landscape,Wikimedia Commons,"https://commons.wikimedia.org/wiki/File:Hamilton_Hall_-_Montana_State_University_-_Bozeman,_Montana_-_2013-07-09.jpg",https://thumb.wikimedia.org/wikipedia/commons/thumb/a/ac/Hamilton_Hall_-_Montana_State_University_-_Bozeman%2C_Montana_-_2013-07-09.jpg/960px-Hamilton_Hall_-_Montana_State_University_-_Bozeman%2C_Montana_-_2013-07-09.jpg?utm_source=commons.wikimedia.org&utm_campaign=imageinfo&utm_content=thumbnail,"File:Hamilton Hall - Montana State University - Bozeman, Montana - 2013-07-09.jpg",Tim Evanson,CC BY-SA 2.0,https://creativecommons.org/licenses/by-sa/2.0,https://www.flickr.com/photos/23165290@N00/9379324159/,data/external/phase3_rejection/non_pepper/empty_background/empty_background_008.jpg,cad62e477114b91a3bd22d5f3b0f0c84b00a959a2e16936c5c37791378df239e,233810
leaves_plants_001,leaves_plants,CALIBRATION,plants leaves,Wikimedia Commons,https://commons.wikimedia.org/wiki/File:Sawtooth_Oak_Quercus_acutissima_Dried_Leaves_2100px.jpg,https://thumb.wikimedia.org/wikipedia/commons/thumb/0/0c/Sawtooth_Oak_Quercus_acutissima_Dried_Leaves_2100px.jpg/960px-Sawtooth_Oak_Quercus_acutissima_Dried_Leaves_2100px.jpg?utm_source=commons.wikimedia.org&utm_campaign=imageinfo&utm_content=thumbnail,File:Sawtooth Oak Quercus acutissima Dried Leaves 2100px.jpg,Photo (c)2007 Derek Ramsey (Ram-Man),GFDL 1.2,http://www.gnu.org/licenses/old-licenses/fdl-1.2.html,Self-photographed,data/external/phase3_rejection/non_pepper/leaves_plants/leaves_plants_001.jpg,7f4c31b7061985d5fe171599512f9c8d7af3de39d1da69eb3857ee9e5acbbb3e,158707
leaves_plants_002,leaves_plants,EVALUATION,plants leaves,Wikimedia Commons,https://commons.wikimedia.org/wiki/File:Tulip_Tree_Liriodendron_tulipifera_Leaf_Underside_Red_Mite_2700px.jpg,https://thumb.wikimedia.org/wikipedia/commons/thumb/c/c6/Tulip_Tree_Liriodendron_tulipifera_Leaf_Underside_Red_Mite_2700px.jpg/960px-Tulip_Tree_Liriodendron_tulipifera_Leaf_Underside_Red_Mite_2700px.jpg?utm_source=commons.wikimedia.org&utm_campaign=imageinfo&utm_content=thumbnail,File:Tulip Tree Liriodendron tulipifera Leaf Underside Red Mite 2700px.jpg,Photo by and (c)2007 Derek Ramsey (Ram-Man),GFDL 1.2,http://www.gnu.org/licenses/old-licenses/fdl-1.2.html,Self-photographed,data/external/phase3_rejection/non_pepper/leaves_plants/leaves_plants_002.jpg,c6e4c0fe0733d0482fe289cc94ee7c897402a8722f881c5714617715c50ca391,281798
leaves_plants_003,leaves_plants,CALIBRATION,plants leaves,Wikimedia Commons,https://commons.wikimedia.org/wiki/File:Vein_skeleton_of_a_leaf_(de-ghosted).jpg,https://thumb.wikimedia.org/wikipedia/commons/thumb/6/6d/Vein_skeleton_of_a_leaf_%28de-ghosted%29.jpg/960px-Vein_skeleton_of_a_leaf_%28de-ghosted%29.jpg?utm_source=commons.wikimedia.org&utm_campaign=imageinfo&utm_content=thumbnail,File:Vein skeleton of a leaf (de-ghosted).jpg,Brocken Inaglory,CC BY-SA 3.0,http://creativecommons.org/licenses/by-sa/3.0/,Own work,data/external/phase3_rejection/non_pepper/leaves_plants/leaves_plants_003.jpg,7f67774708f8e952fe3845452f8288b7fdcb34cfc29e0fcb08be77e66d08492b,172017
leaves_plants_004,leaves_plants,CALIBRATION,plants leaves,Wikimedia Commons,https://commons.wikimedia.org/wiki/File:Two_holes_and_green_leaves_on_the_bark_of_a_tree_trunk_in_the_forest_in_Luang_Prabang_Laos.jpg,https://thumb.wikimedia.org/wikipedia/commons/thumb/0/04/Two_holes_and_green_leaves_on_the_bark_of_a_tree_trunk_in_the_forest_in_Luang_Prabang_Laos.jpg/960px-Two_holes_and_green_leaves_on_the_bark_of_a_tree_trunk_in_the_forest_in_Luang_Prabang_Laos.jpg?utm_source=commons.wikimedia.org&utm_campaign=imageinfo&utm_content=thumbnail,File:Two holes and green leaves on the bark of a tree trunk in the forest in Luang Prabang Laos.jpg,Basile Morin,CC BY-SA 4.0,https://creativecommons.org/licenses/by-sa/4.0,Own work,data/external/phase3_rejection/non_pepper/leaves_plants/leaves_plants_004.jpg,47c3ff870b20e923d696273b66179584937e2f09ac0e80fde68404de2db3c026,708687
leaves_plants_005,leaves_plants,EVALUATION,plants leaves,Wikimedia Commons,"https://commons.wikimedia.org/wiki/File:Taro_leaf_underside,_backlit_by_sun_-_edit.jpg",https://thumb.wikimedia.org/wikipedia/commons/thumb/c/c7/Taro_leaf_underside%2C_backlit_by_sun_-_edit.jpg/960px-Taro_leaf_underside%2C_backlit_by_sun_-_edit.jpg?utm_source=commons.wikimedia.org&utm_campaign=imageinfo&utm_content=thumbnail,"File:Taro leaf underside, backlit by sun - edit.jpg","Taro_leaf_underside,_backlit_by_sun.jpg: Avenue
Derivative work: Avenue (talk)",CC BY-SA 3.0,https://creativecommons.org/licenses/by-sa/3.0,"Taro_leaf_underside,_backlit_by_sun.jpg",data/external/phase3_rejection/non_pepper/leaves_plants/leaves_plants_005.jpg,2dcb82af14e014bc12a7b57bfbeec43994f12d3463c16de6fcbb3ae63fa28987,214379
leaves_plants_006,leaves_plants,CALIBRATION,plants leaves,Wikimedia Commons,https://commons.wikimedia.org/wiki/File:Lisc_lipy.jpg,https://thumb.wikimedia.org/wikipedia/commons/thumb/c/c7/Lisc_lipy.jpg/960px-Lisc_lipy.jpg?utm_source=commons.wikimedia.org&utm_campaign=imageinfo&utm_content=thumbnail,File:Lisc lipy.jpg,Krzysztof P. Jasiutowicz,CC BY-SA 3.0,http://creativecommons.org/licenses/by-sa/3.0/,"first upload pl.wikipedia 11:26, 10 jul (lipiec) 2004 by Kpjas as pl:Grafika:Lisc lipy.jpg",data/external/phase3_rejection/non_pepper/leaves_plants/leaves_plants_006.jpg,1c634e3ecdf1217417eaa5ded542eac95be643ef8e727cd2a7b1ed0417b7340f,168042
leaves_plants_007,leaves_plants,EVALUATION,plants leaves,Wikimedia Commons,https://commons.wikimedia.org/wiki/File:Autumn_leaf_(Doleschallia_bisaltide)_Bali_I.jpg,https://thumb.wikimedia.org/wikipedia/commons/thumb/c/c0/Autumn_leaf_%28Doleschallia_bisaltide%29_Bali_I.jpg/960px-Autumn_leaf_%28Doleschallia_bisaltide%29_Bali_I.jpg?utm_source=commons.wikimedia.org&utm_campaign=imageinfo&utm_content=thumbnail,File:Autumn leaf (Doleschallia bisaltide) Bali I.jpg,Charles J. Sharp,CC BY-SA 4.0,https://creativecommons.org/licenses/by-sa/4.0,"Own work, from Sharp Photography, sharpphotography",data/external/phase3_rejection/non_pepper/leaves_plants/leaves_plants_007.jpg,a7a91878e5989dc4e9994a97c9a78ad9bfe8b9da7dfd4aaa58dd146d4f941f11,129860
leaves_plants_008,leaves_plants,EVALUATION,plants leaves,Wikimedia Commons,https://commons.wikimedia.org/wiki/File:Leaf_1_web.jpg,https://thumb.wikimedia.org/wikipedia/commons/thumb/f/f4/Leaf_1_web.jpg/960px-Leaf_1_web.jpg?utm_source=commons.wikimedia.org&utm_campaign=imageinfo&utm_content=thumbnail,File:Leaf 1 web.jpg,Jon Sullivan,Public domain,,PdPhoto,data/external/phase3_rejection/non_pepper/leaves_plants/leaves_plants_008.jpg,300544c5e33b45d97dfce04027ebe5f2d8d0beda876f66f2e70259eab58813e5,256375
other_crops_001,other_crops,EVALUATION,agricultural crops,Wikimedia Commons,https://commons.wikimedia.org/wiki/File:Crops_Kansas_AST_20010624.jpg,https://thumb.wikimedia.org/wikipedia/commons/thumb/e/e4/Crops_Kansas_AST_20010624.jpg/960px-Crops_Kansas_AST_20010624.jpg?utm_source=commons.wikimedia.org&utm_campaign=imageinfo&utm_content=thumbnail,File:Crops Kansas AST 20010624.jpg,NASA,Public domain,,http://earthobservatory.nasa.gov/Newsroom/NewImages/images.php3?img_id=17006,data/external/phase3_rejection/non_pepper/other_crops/other_crops_001.jpg,0e3328de05944efc7693bf58dd1dc35c07723669105e5cb015a7833aa80b46f3,449489
other_crops_002,other_crops,CALIBRATION,agricultural crops,Wikimedia Commons,https://commons.wikimedia.org/wiki/File:Oedelem_Weg_naar_Sint-Kruis_R01.jpg,https://thumb.wikimedia.org/wikipedia/commons/thumb/d/da/Oedelem_Weg_naar_Sint-Kruis_R01.jpg/960px-Oedelem_Weg_naar_Sint-Kruis_R01.jpg?utm_source=commons.wikimedia.org&utm_campaign=imageinfo&utm_content=thumbnail,File:Oedelem Weg naar Sint-Kruis R01.jpg,Marc Ryckaert (MJJR),CC BY-SA 3.0,https://creativecommons.org/licenses/by-sa/3.0,Own work,data/external/phase3_rejection/non_pepper/other_crops/other_crops_002.jpg,5d7660d7d8cd4d8a757f9635991300ffd1e58d72f9d5b1d3aef9a0e22dfc0f7e,268285
other_crops_003,other_crops,CALIBRATION,agricultural crops,Wikimedia Commons,https://commons.wikimedia.org/wiki/File:Good_Crop_2.jpg,https://thumb.wikimedia.org/wikipedia/commons/thumb/e/e4/Good_Crop_2.jpg/960px-Good_Crop_2.jpg?utm_source=commons.wikimedia.org&utm_campaign=imageinfo&utm_content=thumbnail,File:Good Crop 2.jpg,ToInvest,CC BY-SA 4.0,https://creativecommons.org/licenses/by-sa/4.0,Own work,data/external/phase3_rejection/non_pepper/other_crops/other_crops_003.jpg,bf2f74fd07ee2cb014ae201180cffd9fe47743def75f37a76e082966e919365e,136796
other_crops_004,other_crops,CALIBRATION,agricultural crops,Wikimedia Commons,https://commons.wikimedia.org/wiki/File:Good_Crop_1.jpg,https://thumb.wikimedia.org/wikipedia/commons/thumb/b/ba/Good_Crop_1.jpg/960px-Good_Crop_1.jpg?utm_source=commons.wikimedia.org&utm_campaign=imageinfo&utm_content=thumbnail,File:Good Crop 1.jpg,ToInvest,CC BY-SA 4.0,https://creativecommons.org/licenses/by-sa/4.0,Own work,data/external/phase3_rejection/non_pepper/other_crops/other_crops_004.jpg,27bf92a80282556a18a9434e9a5f41220d3a8b209b2d8aa9b5f21005eb813584,141983
other_crops_005,other_crops,EVALUATION,agricultural crops,Wikimedia Commons,https://commons.wikimedia.org/wiki/File:Agricultural_crop_-_geograph.org.uk_-_6057876.jpg,https://thumb.wikimedia.org/wikipedia/commons/thumb/8/82/Agricultural_crop_-_geograph.org.uk_-_6057876.jpg/960px-Agricultural_crop_-_geograph.org.uk_-_6057876.jpg?utm_source=commons.wikimedia.org&utm_campaign=imageinfo&utm_content=thumbnail,File:Agricultural crop - geograph.org.uk - 6057876.jpg,David Pashley,CC BY-SA 2.0,https://creativecommons.org/licenses/by-sa/2.0,Geograph Britain and Ireland,data/external/phase3_rejection/non_pepper/other_crops/other_crops_005.jpg,3cca0deb5b2450937d8022c91df8e4f327af80f2e843603579e4a29f49f43f31,158783
other_crops_006,other_crops,EVALUATION,agricultural crops,Wikimedia Commons,https://commons.wikimedia.org/wiki/File:Agricultural_crop_-_geograph.org.uk_-_6057872.jpg,https://thumb.wikimedia.org/wikipedia/commons/thumb/2/22/Agricultural_crop_-_geograph.org.uk_-_6057872.jpg/960px-Agricultural_crop_-_geograph.org.uk_-_6057872.jpg?utm_source=commons.wikimedia.org&utm_campaign=imageinfo&utm_content=thumbnail,File:Agricultural crop - geograph.org.uk - 6057872.jpg,David Pashley,CC BY-SA 2.0,https://creativecommons.org/licenses/by-sa/2.0,Geograph Britain and Ireland,data/external/phase3_rejection/non_pepper/other_crops/other_crops_006.jpg,07f45e922c97a0f633628b004281ef37d2c0a23b933f0d4664d6893ac0f43278,237634
other_crops_007,other_crops,EVALUATION,agricultural crops,Wikimedia Commons,https://commons.wikimedia.org/wiki/File:Israel_Agriculture_Crop_Types_2017.png,https://thumb.wikimedia.org/wikipedia/commons/thumb/7/78/Israel_Agriculture_Crop_Types_2017.png/960px-Israel_Agriculture_Crop_Types_2017.png?utm_source=commons.wikimedia.org&utm_campaign=imageinfo&utm_content=thumbnail,File:Israel Agriculture Crop Types 2017.png,Israel Central Bureau of Statistics,Attribution,,"Agricultural Crop Areas &amp; Agricultural Crop Types by natural region, 2017, Israel Central Bureau of Statistics",data/external/phase3_rejection/non_pepper/other_crops/other_crops_007.png,de5561d2fe1d7380301903fc8d4dfab40d633a74912c6b5968cc40f465ff8509,1646755
other_crops_008,other_crops,CALIBRATION,agricultural crops,Wikimedia Commons,https://commons.wikimedia.org/wiki/File:Israel_Agriculture_Crop_Areas_2017.png,https://thumb.wikimedia.org/wikipedia/commons/thumb/0/05/Israel_Agriculture_Crop_Areas_2017.png/960px-Israel_Agriculture_Crop_Areas_2017.png?utm_source=commons.wikimedia.org&utm_campaign=imageinfo&utm_content=thumbnail,File:Israel Agriculture Crop Areas 2017.png,Israel Central Bureau of Statistics,Attribution,,"Agricultural Crop Areas &amp; Agricultural Crop Types by natural region, 2017, Israel Central Bureau of Statistics",data/external/phase3_rejection/non_pepper/other_crops/other_crops_008.png,8f436bcee94860b162c7a733b5da3652a6b2f374d258c8b3d71c92b13da5af70,1680775
other_spices_food_001,other_spices_food,EVALUATION,food spices,Wikimedia Commons,https://commons.wikimedia.org/wiki/File:Bumbu_dan_Rempah_-_rempah.jpg,https://thumb.wikimedia.org/wikipedia/commons/thumb/f/fc/Bumbu_dan_Rempah_-_rempah.jpg/960px-Bumbu_dan_Rempah_-_rempah.jpg?utm_source=commons.wikimedia.org&utm_campaign=imageinfo&utm_content=thumbnail,File:Bumbu dan Rempah - rempah.jpg,Galeri ega,CC BY-SA 4.0,https://creativecommons.org/licenses/by-sa/4.0,Own work,data/external/phase3_rejection/non_pepper/other_spices_food/other_spices_food_001.jpg,956cb030322cb30f817c2c635e727af0fadf738a8ace86905a6526ac92479bca,249457
other_spices_food_002,other_spices_food,EVALUATION,food spices,Wikimedia Commons,https://commons.wikimedia.org/wiki/File:Bumbu_Rawon.jpg,https://thumb.wikimedia.org/wikipedia/commons/thumb/c/c5/Bumbu_Rawon.jpg/960px-Bumbu_Rawon.jpg?utm_source=commons.wikimedia.org&utm_campaign=imageinfo&utm_content=thumbnail,File:Bumbu Rawon.jpg,Herusutimbul,CC BY-SA 4.0,https://creativecommons.org/licenses/by-sa/4.0,Own work,data/external/phase3_rejection/non_pepper/other_spices_food/other_spices_food_002.jpg,2f265fb973d573ec3b16c6bd1b06433b35906ed4cc722a532c0b8c68c44907a8,146218
other_spices_food_003,other_spices_food,CALIBRATION,food spices,Wikimedia Commons,https://commons.wikimedia.org/wiki/File:Kunyit_Bubuk.jpg,https://thumb.wikimedia.org/wikipedia/commons/thumb/9/90/Kunyit_Bubuk.jpg/960px-Kunyit_Bubuk.jpg?utm_source=commons.wikimedia.org&utm_campaign=imageinfo&utm_content=thumbnail,File:Kunyit Bubuk.jpg,Herusutimbul,CC BY-SA 4.0,https://creativecommons.org/licenses/by-sa/4.0,Own work,data/external/phase3_rejection/non_pepper/other_spices_food/other_spices_food_003.jpg,28a3513f36c893983a10612a9a0d37cbe705730453c92bc05e2f43b51f420c1b,203161
other_spices_food_004,other_spices_food,CALIBRATION,food spices,Wikimedia Commons,https://commons.wikimedia.org/wiki/File:20160807_spice_merchant_Nyaung_Shwe_Myanmar_8916_DxO.jpg,https://thumb.wikimedia.org/wikipedia/commons/thumb/f/f6/20160807_spice_merchant_Nyaung_Shwe_Myanmar_8916_DxO.jpg/960px-20160807_spice_merchant_Nyaung_Shwe_Myanmar_8916_DxO.jpg?utm_source=commons.wikimedia.org&utm_campaign=imageinfo&utm_content=thumbnail,File:20160807 spice merchant Nyaung Shwe Myanmar 8916 DxO.jpg,Jakub Hałun,CC BY-SA 4.0,https://creativecommons.org/licenses/by-sa/4.0,Own work,data/external/phase3_rejection/non_pepper/other_spices_food/other_spices_food_004.jpg,247bb0ca3cac375c43cd348a94aeff1188573072127617a4e7115176d69cb03e,359934
other_spices_food_005,other_spices_food,EVALUATION,food spices,Wikimedia Commons,https://commons.wikimedia.org/wiki/File:Conscious_Food_Spices.jpg,https://upload.wikimedia.org/wikipedia/commons/4/47/Conscious_Food_Spices.jpg?utm_source=commons.wikimedia.org&utm_campaign=imageinfo&utm_content=thumbnail_unscaled,File:Conscious Food Spices.jpg,ConsciousFood,CC BY-SA 4.0,https://creativecommons.org/licenses/by-sa/4.0,Own work,data/external/phase3_rejection/non_pepper/other_spices_food/other_spices_food_005.jpg,d3af062dc24f20e267e88ad65231c58c011e762882630b898f8b2b5faba9d7f6,81170
other_spices_food_006,other_spices_food,EVALUATION,food spices,Wikimedia Commons,https://commons.wikimedia.org/wiki/File:020231119_Spices_in_Poland.jpg,https://thumb.wikimedia.org/wikipedia/commons/thumb/f/f8/020231119_Spices_in_Poland.jpg/960px-020231119_Spices_in_Poland.jpg?utm_source=commons.wikimedia.org&utm_campaign=imageinfo&utm_content=thumbnail,File:020231119 Spices in Poland.jpg,Silar,CC BY-SA 4.0,https://creativecommons.org/licenses/by-sa/4.0,Own work,data/external/phase3_rejection/non_pepper/other_spices_food/other_spices_food_006.jpg,37474ce9080eac121677442a0d839131b7e4e94c97344814d651f1a413a63bb0,226940
other_spices_food_007,other_spices_food,CALIBRATION,food spices,Wikimedia Commons,"https://commons.wikimedia.org/wiki/File:Quail_eggs,_Parsley,_Red_spice,_Rostov-on-Don,_Russia.jpg",https://thumb.wikimedia.org/wikipedia/commons/thumb/d/d3/Quail_eggs%2C_Parsley%2C_Red_spice%2C_Rostov-on-Don%2C_Russia.jpg/960px-Quail_eggs%2C_Parsley%2C_Red_spice%2C_Rostov-on-Don%2C_Russia.jpg?utm_source=commons.wikimedia.org&utm_campaign=imageinfo&utm_content=thumbnail,"File:Quail eggs, Parsley, Red spice, Rostov-on-Don, Russia.jpg",Vyacheslav Argenberg,CC BY 4.0,https://creativecommons.org/licenses/by/4.0,Own work,data/external/phase3_rejection/non_pepper/other_spices_food/other_spices_food_007.jpg,78fdba0ec9ca530c178b5716a397ef8de9f37f6a70dcf3881335ecb0deeaf707,168936
other_spices_food_008,other_spices_food,CALIBRATION,food spices,Wikimedia Commons,https://commons.wikimedia.org/wiki/File:Spices_in_Ghana.jpg,https://thumb.wikimedia.org/wikipedia/commons/thumb/3/3a/Spices_in_Ghana.jpg/960px-Spices_in_Ghana.jpg?utm_source=commons.wikimedia.org&utm_campaign=imageinfo&utm_content=thumbnail,File:Spices in Ghana.jpg,Edithobayaa1,CC BY-SA 4.0,https://creativecommons.org/licenses/by-sa/4.0,Own work,data/external/phase3_rejection/non_pepper/other_spices_food/other_spices_food_008.jpg,ff2fbb4379a0642b754c4d9a76b098ecce1799d330cc6556f19fd45f0f62a2e7,293454
people_001,people,EVALUATION,people outdoors,Wikimedia Commons,https://commons.wikimedia.org/wiki/File:Sitting_people_reading_outdoors_at_Kyoto_International_Manga_Museum_20080608.jpg,https://thumb.wikimedia.org/wikipedia/commons/thumb/1/1d/Sitting_people_reading_outdoors_at_Kyoto_International_Manga_Museum_20080608.jpg/960px-Sitting_people_reading_outdoors_at_Kyoto_International_Manga_Museum_20080608.jpg?utm_source=commons.wikimedia.org&utm_campaign=imageinfo&utm_content=thumbnail,File:Sitting people reading outdoors at Kyoto International Manga Museum 20080608.jpg,Tatyana Temirbulatova,CC BY 2.0,https://creativecommons.org/licenses/by/2.0,https://flickr.com/photos/24803031@N05/2623732907,data/external/phase3_rejection/non_pepper/people/people_001.jpg,256da00e2235ace2a4731317602ad986c9c5039982bb74f9235071f618e37581,175848
people_002,people,CALIBRATION,people outdoors,Wikimedia Commons,"https://commons.wikimedia.org/wiki/File:A_group_of_people_outdoors_of_Malayer,_Iran_-_1971.jpg",https://thumb.wikimedia.org/wikipedia/commons/thumb/c/c8/A_group_of_people_outdoors_of_Malayer%2C_Iran_-_1971.jpg/960px-A_group_of_people_outdoors_of_Malayer%2C_Iran_-_1971.jpg?utm_source=commons.wikimedia.org&utm_campaign=imageinfo&utm_content=thumbnail,"File:A group of people outdoors of Malayer, Iran - 1971.jpg",Unknown,Public domain,,http://malayer-book.ir/wp-content/uploads/2015/09/11223516_10153631749318130_7570086157543935750_o.jpg,data/external/phase3_rejection/non_pepper/people/people_002.jpg,790116ff79a38c02499911f25d0bff60004d127aa0c3d148038e01b2d9884a04,135574
people_003,people,EVALUATION,people outdoors,Wikimedia Commons,https://commons.wikimedia.org/wiki/File:Group_of_people_that_are_taken_outdoors.jpg,https://thumb.wikimedia.org/wikipedia/commons/thumb/9/9d/Group_of_people_that_are_taken_outdoors.jpg/960px-Group_of_people_that_are_taken_outdoors.jpg?utm_source=commons.wikimedia.org&utm_campaign=imageinfo&utm_content=thumbnail,File:Group of people that are taken outdoors.jpg,Hauwasysy,CC BY-SA 4.0,https://creativecommons.org/licenses/by-sa/4.0,Own work,data/external/phase3_rejection/non_pepper/people/people_003.jpg,3092c1812bce193dde2c765cb2f824c9e0192b9ca455757954b3ed28565ef223,220683
people_004,people,CALIBRATION,people outdoors,Wikimedia Commons,"https://commons.wikimedia.org/wiki/File:Plate_11-_a_group_of_people_outdoors,_from_the_series_of_customs_and_pastimes_of_the_Spanish_people_MET_DP876042.jpg",https://thumb.wikimedia.org/wikipedia/commons/thumb/c/cf/Plate_11-_a_group_of_people_outdoors%2C_from_the_series_of_customs_and_pastimes_of_the_Spanish_people_MET_DP876042.jpg/960px-Plate_11-_a_group_of_people_outdoors%2C_from_the_series_of_customs_and_pastimes_of_the_Spanish_people_MET_DP876042.jpg?utm_source=commons.wikimedia.org&utm_campaign=imageinfo&utm_content=thumbnail,"File:Plate 11- a group of people outdoors, from the series of customs and pastimes of the Spanish people MET DP876042.jpg",Francisco Lameyer y Berenguer,CC0,http://creativecommons.org/publicdomain/zero/1.0/deed.en,This file was donated to Wikimedia Commons as part of a project by the Metropolitan Museum of Art. See the Image and Data Resources Open Access Policy,data/external/phase3_rejection/non_pepper/people/people_004.jpg,1ac64ee8184ed337c16e56adfc3ab1da365f82126eb96734c1e17444c5f868c8,348010
people_005,people,CALIBRATION,people outdoors,Wikimedia Commons,https://commons.wikimedia.org/wiki/File:Khalili_Collections_Set_of_four_padded_silk_panels_1.jpg,https://thumb.wikimedia.org/wikipedia/commons/thumb/f/f3/Khalili_Collections_Set_of_four_padded_silk_panels_1.jpg/960px-Khalili_Collections_Set_of_four_padded_silk_panels_1.jpg?utm_source=commons.wikimedia.org&utm_campaign=imageinfo&utm_content=thumbnail,File:Khalili Collections Set of four padded silk panels 1.jpg,,CC BY-SA 4.0,https://creativecommons.org/licenses/by-sa/4.0,Khalili Collections,data/external/phase3_rejection/non_pepper/people/people_005.jpg,08c26316868fa2c982b06cae0cfa2da4a777bc6bce4a5e23c0f01126dc2491d5,177513
people_006,people,EVALUATION,people outdoors,Wikimedia Commons,"https://commons.wikimedia.org/wiki/File:Homeless_sleeping_on_Paulista_Avenue,_S%C3%A3o_Paulo_city,_Brazil.jpg",https://thumb.wikimedia.org/wikipedia/commons/thumb/2/21/Homeless_sleeping_on_Paulista_Avenue%2C_S%C3%A3o_Paulo_city%2C_Brazil.jpg/960px-Homeless_sleeping_on_Paulista_Avenue%2C_S%C3%A3o_Paulo_city%2C_Brazil.jpg?utm_source=commons.wikimedia.org&utm_campaign=imageinfo&utm_content=thumbnail,"File:Homeless sleeping on Paulista Avenue, São Paulo city, Brazil.jpg",Wilfredor,CC0,http://creativecommons.org/publicdomain/zero/1.0/deed.en,Own work,data/external/phase3_rejection/non_pepper/people/people_006.jpg,de59974d8fb27dc7b87f16f481536316487a460c35f629c9f2ed63226d44236f,152293
people_007,people,EVALUATION,people outdoors,Wikimedia Commons,https://commons.wikimedia.org/wiki/File:A_bad_sales_day.jpg,https://thumb.wikimedia.org/wikipedia/commons/thumb/3/3f/A_bad_sales_day.jpg/960px-A_bad_sales_day.jpg?utm_source=commons.wikimedia.org&utm_campaign=imageinfo&utm_content=thumbnail,File:A bad sales day.jpg,Wilfredor,CC BY-SA 4.0,https://creativecommons.org/licenses/by-sa/4.0,Own work,data/external/phase3_rejection/non_pepper/people/people_007.jpg,b34bf0f234111941c7effc81c5f455b7ec7d31a665b6bd3b29568d59d823c749,176929
people_008,people,CALIBRATION,people outdoors,Wikimedia Commons,"https://commons.wikimedia.org/wiki/File:People,_dog,_children,_outdoors_(4462490555).jpg",https://upload.wikimedia.org/wikipedia/commons/b/b5/People%2C_dog%2C_children%2C_outdoors_%284462490555%29.jpg?utm_source=commons.wikimedia.org&utm_campaign=imageinfo&utm_content=thumbnail_unscaled,"File:People, dog, children, outdoors (4462490555).jpg",The Field Museum Library,No restrictions,https://www.flickr.com/commons/usage/,https://www.flickr.com/photos/field_museum_library/4462490555/,data/external/phase3_rejection/non_pepper/people/people_008.jpg,f61d8cac78c8e2f8de350bf685fc9ea0b9333cd83891f9276406a1be7512373e,170166
random_objects_001,random_objects,EVALUATION,household objects,Wikimedia Commons,https://commons.wikimedia.org/wiki/File:Household_objects_exhibited_in_Newhaven_Fort_2025-03-02.jpg,https://thumb.wikimedia.org/wikipedia/commons/thumb/f/f1/Household_objects_exhibited_in_Newhaven_Fort_2025-03-02.jpg/960px-Household_objects_exhibited_in_Newhaven_Fort_2025-03-02.jpg?utm_source=commons.wikimedia.org&utm_campaign=imageinfo&utm_content=thumbnail,File:Household objects exhibited in Newhaven Fort 2025-03-02.jpg,Andy Li,CC0,http://creativecommons.org/publicdomain/zero/1.0/deed.en,Own work,data/external/phase3_rejection/non_pepper/random_objects/random_objects_001.jpg,dcbca9e7ba43157bd4bd8888770f040cd27485235d37b20b0fe0ac39c4129506,184386
random_objects_002,random_objects,EVALUATION,household objects,Wikimedia Commons,https://commons.wikimedia.org/wiki/File:Household_goods_in_1980s_at_PRC70_Exhibition_(20191203155418).jpg,https://thumb.wikimedia.org/wikipedia/commons/thumb/7/79/Household_goods_in_1980s_at_PRC70_Exhibition_%2820191203155418%29.jpg/960px-Household_goods_in_1980s_at_PRC70_Exhibition_%2820191203155418%29.jpg?utm_source=commons.wikimedia.org&utm_campaign=imageinfo&utm_content=thumbnail,File:Household goods in 1980s at PRC70 Exhibition (20191203155418).jpg,N509FZ,CC BY-SA 4.0,https://creativecommons.org/licenses/by-sa/4.0,Own work,data/external/phase3_rejection/non_pepper/random_objects/random_objects_002.jpg,55e13923c79bc490db914a861fac56b38d0f5de6b339c8e0560d4b67fac1f574,148754
random_objects_003,random_objects,EVALUATION,household objects,Wikimedia Commons,https://commons.wikimedia.org/wiki/File:All_yellow_household_jumble_2020-03-28_Focus_stack.jpg,https://thumb.wikimedia.org/wikipedia/commons/thumb/4/40/All_yellow_household_jumble_2020-03-28_Focus_stack.jpg/960px-All_yellow_household_jumble_2020-03-28_Focus_stack.jpg?utm_source=commons.wikimedia.org&utm_campaign=imageinfo&utm_content=thumbnail,File:All yellow household jumble 2020-03-28 Focus stack.jpg,Franz van Duns,CC BY-SA 4.0,https://creativecommons.org/licenses/by-sa/4.0,Own work,data/external/phase3_rejection/non_pepper/random_objects/random_objects_003.jpg,0ac8dbb56c4759e5656ce921ebca9e0300a1e62eb40f0a1653c01202911fa1e2,282844
random_objects_004,random_objects,EVALUATION,household objects,Wikimedia Commons,https://commons.wikimedia.org/wiki/File:Plastic_household_items.jpg,https://upload.wikimedia.org/wikipedia/commons/b/b2/Plastic_household_items.jpg?utm_source=commons.wikimedia.org&utm_campaign=imageinfo&utm_content=thumbnail_unscaled,File:Plastic household items.jpg,ImGz,CC BY-SA 3.0,https://creativecommons.org/licenses/by-sa/3.0,Own work,data/external/phase3_rejection/non_pepper/random_objects/random_objects_004.jpg,85bf9ec0999170a886c7dd015f2dca257f9aa50dfbb8f13d62079b65108c7043,32404
random_objects_005,random_objects,CALIBRATION,household objects,Wikimedia Commons,"https://commons.wikimedia.org/wiki/File:Household_objects_damaged_by_flood_in_Corinda,_Queensland,_2022,_04.jpg",https://thumb.wikimedia.org/wikipedia/commons/thumb/3/30/Household_objects_damaged_by_flood_in_Corinda%2C_Queensland%2C_2022%2C_04.jpg/960px-Household_objects_damaged_by_flood_in_Corinda%2C_Queensland%2C_2022%2C_04.jpg?utm_source=commons.wikimedia.org&utm_campaign=imageinfo&utm_content=thumbnail,"File:Household objects damaged by flood in Corinda, Queensland, 2022, 04.jpg",Kgbo,CC BY-SA 4.0,https://creativecommons.org/licenses/by-sa/4.0,Own work,data/external/phase3_rejection/non_pepper/random_objects/random_objects_005.jpg,34998c552046627a98de6b6642be9938202b9ad83d1ce48eb9c87a9e685e9621,342483
random_objects_006,random_objects,CALIBRATION,household objects,Wikimedia Commons,"https://commons.wikimedia.org/wiki/File:Household_objects_damaged_by_flood_in_Corinda,_Queensland,_2022,_06.jpg",https://thumb.wikimedia.org/wikipedia/commons/thumb/8/88/Household_objects_damaged_by_flood_in_Corinda%2C_Queensland%2C_2022%2C_06.jpg/960px-Household_objects_damaged_by_flood_in_Corinda%2C_Queensland%2C_2022%2C_06.jpg?utm_source=commons.wikimedia.org&utm_campaign=imageinfo&utm_content=thumbnail,"File:Household objects damaged by flood in Corinda, Queensland, 2022, 06.jpg",Kgbo,CC BY-SA 4.0,https://creativecommons.org/licenses/by-sa/4.0,Own work,data/external/phase3_rejection/non_pepper/random_objects/random_objects_006.jpg,95f04dcc4f75a53a993cc365eace0fb6e0acc1db7a00eacbee6a2fe79152e251,416671
random_objects_007,random_objects,CALIBRATION,household objects,Wikimedia Commons,"https://commons.wikimedia.org/wiki/File:Household_objects_damaged_by_flood_in_Corinda,_Queensland,_2022,_05.jpg",https://thumb.wikimedia.org/wikipedia/commons/thumb/8/8a/Household_objects_damaged_by_flood_in_Corinda%2C_Queensland%2C_2022%2C_05.jpg/960px-Household_objects_damaged_by_flood_in_Corinda%2C_Queensland%2C_2022%2C_05.jpg?utm_source=commons.wikimedia.org&utm_campaign=imageinfo&utm_content=thumbnail,"File:Household objects damaged by flood in Corinda, Queensland, 2022, 05.jpg",Kgbo,CC BY-SA 4.0,https://creativecommons.org/licenses/by-sa/4.0,Own work,data/external/phase3_rejection/non_pepper/random_objects/random_objects_007.jpg,4e51c7e80813678931f15cf0582c86b0dfdaef804cd0f7722d86bd184da82b0f,284753
random_objects_008,random_objects,CALIBRATION,household objects,Wikimedia Commons,"https://commons.wikimedia.org/wiki/File:Household_objects_damaged_by_flood_in_Corinda,_Queensland,_2022,_01.jpg",https://thumb.wikimedia.org/wikipedia/commons/thumb/e/ee/Household_objects_damaged_by_flood_in_Corinda%2C_Queensland%2C_2022%2C_01.jpg/960px-Household_objects_damaged_by_flood_in_Corinda%2C_Queensland%2C_2022%2C_01.jpg?utm_source=commons.wikimedia.org&utm_campaign=imageinfo&utm_content=thumbnail,"File:Household objects damaged by flood in Corinda, Queensland, 2022, 01.jpg",Kgbo,CC BY-SA 4.0,https://creativecommons.org/licenses/by-sa/4.0,Own work,data/external/phase3_rejection/non_pepper/random_objects/random_objects_008.jpg,4c3d2850d398072370a8224ee057a3559462fb0e746772b673d8fe4d6d524e97,333168
soil_ground_001,soil_ground,CALIBRATION,soil ground,Wikimedia Commons,"https://commons.wikimedia.org/wiki/File:Fischerkirche,_Born_a._Dar%C3%9F,_SW_view.jpg",https://thumb.wikimedia.org/wikipedia/commons/thumb/5/55/Fischerkirche%2C_Born_a._Dar%C3%9F%2C_SW_view.jpg/960px-Fischerkirche%2C_Born_a._Dar%C3%9F%2C_SW_view.jpg?utm_source=commons.wikimedia.org&utm_campaign=imageinfo&utm_content=thumbnail,"File:Fischerkirche, Born a. Darß, SW view.jpg",Radomianin,CC BY-SA 4.0,https://creativecommons.org/licenses/by-sa/4.0,Own work,data/external/phase3_rejection/non_pepper/soil_ground/soil_ground_001.jpg,111244afc1668356fc0528067d380963a22b5f7695a0118e9138b0bb36453e2c,300352
soil_ground_002,soil_ground,EVALUATION,soil ground,Wikimedia Commons,"https://commons.wikimedia.org/wiki/File:Dorfkirche_Sanitz_(main_door),_2025-04-20.jpg",https://thumb.wikimedia.org/wikipedia/commons/thumb/2/26/Dorfkirche_Sanitz_%28main_door%29%2C_2025-04-20.jpg/960px-Dorfkirche_Sanitz_%28main_door%29%2C_2025-04-20.jpg?utm_source=commons.wikimedia.org&utm_campaign=imageinfo&utm_content=thumbnail,"File:Dorfkirche Sanitz (main door), 2025-04-20.jpg",Radomianin,CC BY-SA 4.0,https://creativecommons.org/licenses/by-sa/4.0,Own work,data/external/phase3_rejection/non_pepper/soil_ground/soil_ground_002.jpg,eb497e30d3ae3425359be285571fa46913d32d9747f123f0a44e7692ff5c801d,254212
soil_ground_003,soil_ground,EVALUATION,soil ground,Wikimedia Commons,https://commons.wikimedia.org/wiki/File:Crocus_vernus.jpg,https://thumb.wikimedia.org/wikipedia/commons/thumb/e/e1/Crocus_vernus.jpg/960px-Crocus_vernus.jpg?utm_source=commons.wikimedia.org&utm_campaign=imageinfo&utm_content=thumbnail,File:Crocus vernus.jpg,Smihael,CC BY-SA 3.0,https://creativecommons.org/licenses/by-sa/3.0,Own work,data/external/phase3_rejection/non_pepper/soil_ground/soil_ground_003.jpg,a109a846af7801f5ff769a19711eb8f54f91a5efdb34c3f76086b7cfb0ef9f6e,137492
soil_ground_004,soil_ground,EVALUATION,soil ground,Wikimedia Commons,https://commons.wikimedia.org/wiki/File:Dirt_jump_IMG_7609.jpg,https://thumb.wikimedia.org/wikipedia/commons/thumb/2/28/Dirt_jump_IMG_7609.jpg/960px-Dirt_jump_IMG_7609.jpg?utm_source=commons.wikimedia.org&utm_campaign=imageinfo&utm_content=thumbnail,File:Dirt jump IMG 7609.jpg,Fischer.H,CC BY-SA 4.0,https://creativecommons.org/licenses/by-sa/4.0,Own work,data/external/phase3_rejection/non_pepper/soil_ground/soil_ground_004.jpg,fd51a217f0dc3439a4a50d5959cda585fb125feb0c24cf91223a992be390e60a,91195
soil_ground_005,soil_ground,CALIBRATION,soil ground,Wikimedia Commons,https://commons.wikimedia.org/wiki/File:Menambang_Belerang.jpg,https://thumb.wikimedia.org/wikipedia/commons/thumb/3/35/Menambang_Belerang.jpg/960px-Menambang_Belerang.jpg?utm_source=commons.wikimedia.org&utm_campaign=imageinfo&utm_content=thumbnail,File:Menambang Belerang.jpg,Candra Firmansyah,CC BY-SA 4.0,https://creativecommons.org/licenses/by-sa/4.0,Own work,data/external/phase3_rejection/non_pepper/soil_ground/soil_ground_005.jpg,aa0d81835fd860e6de76709a5e2a23dcaf32af17987d8d203264a24b9882eb37,166735
soil_ground_006,soil_ground,CALIBRATION,soil ground,Wikimedia Commons,https://commons.wikimedia.org/wiki/File:Dirt_jump_IMG_7936.jpg,https://thumb.wikimedia.org/wikipedia/commons/thumb/6/68/Dirt_jump_IMG_7936.jpg/960px-Dirt_jump_IMG_7936.jpg?utm_source=commons.wikimedia.org&utm_campaign=imageinfo&utm_content=thumbnail,File:Dirt jump IMG 7936.jpg,Fischer.H,CC BY-SA 4.0,https://creativecommons.org/licenses/by-sa/4.0,Own work,data/external/phase3_rejection/non_pepper/soil_ground/soil_ground_006.jpg,7027c6762f613a8a977ac4b2613759576be756bdd15b809d34658d05839fcb1b,58726
soil_ground_007,soil_ground,CALIBRATION,soil ground,Wikimedia Commons,https://commons.wikimedia.org/wiki/File:Hygrocybe_miniata_-_Ferndale_Park.jpg,https://thumb.wikimedia.org/wikipedia/commons/thumb/9/91/Hygrocybe_miniata_-_Ferndale_Park.jpg/960px-Hygrocybe_miniata_-_Ferndale_Park.jpg?utm_source=commons.wikimedia.org&utm_campaign=imageinfo&utm_content=thumbnail,File:Hygrocybe miniata - Ferndale Park.jpg,JJ Harrison (https://www.jjharrison.com.au/),CC BY-SA 4.0,https://creativecommons.org/licenses/by-sa/4.0,Own work,data/external/phase3_rejection/non_pepper/soil_ground/soil_ground_007.jpg,06d7b7c364a31e3cbc4d1d0b78a1175fc0e91955da66c60f80a70f09b29b8c15,140638
soil_ground_008,soil_ground,EVALUATION,soil ground,Wikimedia Commons,https://commons.wikimedia.org/wiki/File:Image-American_bison_rests_at_hot_spring_in_yellowstone_national_park_1.jpg,https://thumb.wikimedia.org/wikipedia/commons/thumb/1/17/Image-American_bison_rests_at_hot_spring_in_yellowstone_national_park_1.jpg/960px-Image-American_bison_rests_at_hot_spring_in_yellowstone_national_park_1.jpg?utm_source=commons.wikimedia.org&utm_campaign=imageinfo&utm_content=thumbnail,File:Image-American bison rests at hot spring in yellowstone national park 1.jpg,Brocken Inaglory,CC BY-SA 3.0,https://creativecommons.org/licenses/by-sa/3.0,Own work,data/external/phase3_rejection/non_pepper/soil_ground/soil_ground_008.jpg,66113bface2d8104f96d921ba06141a0b10e0ae44f31e3c038317efe2adaa0d3,221841
vehicles_001,vehicles,CALIBRATION,vehicles transport,Wikimedia Commons,https://commons.wikimedia.org/wiki/File:Saliwangan_Sabah_Diesel-lokomotive-6105-01.jpg,https://thumb.wikimedia.org/wikipedia/commons/thumb/8/88/Saliwangan_Sabah_Diesel-lokomotive-6105-01.jpg/960px-Saliwangan_Sabah_Diesel-lokomotive-6105-01.jpg?utm_source=commons.wikimedia.org&utm_campaign=imageinfo&utm_content=thumbnail,File:Saliwangan Sabah Diesel-lokomotive-6105-01.jpg,"CEphoto, Uwe Aranas",CC BY-SA 3.0,https://creativecommons.org/licenses/by-sa/3.0,Own work,data/external/phase3_rejection/non_pepper/vehicles/vehicles_001.jpg,9dd0bd2fef64475b486654d1dd7287fbc42ed2b78d3b859866550a3cc5b0d358,210750
vehicles_002,vehicles,EVALUATION,vehicles transport,Wikimedia Commons,"https://commons.wikimedia.org/wiki/File:Public_transport_share_taxi_in_Maracaibo_city,_Zulia,_Venezuela.jpg",https://thumb.wikimedia.org/wikipedia/commons/thumb/7/7f/Public_transport_share_taxi_in_Maracaibo_city%2C_Zulia%2C_Venezuela.jpg/960px-Public_transport_share_taxi_in_Maracaibo_city%2C_Zulia%2C_Venezuela.jpg?utm_source=commons.wikimedia.org&utm_campaign=imageinfo&utm_content=thumbnail,"File:Public transport share taxi in Maracaibo city, Zulia, Venezuela.jpg",Wilfredor,CC0,http://creativecommons.org/publicdomain/zero/1.0/deed.en,Self-photographed,data/external/phase3_rejection/non_pepper/vehicles/vehicles_002.jpg,9180072fef1bb7f8aae566a8f6a489d7a1958d7d20f323377870d7a961619d22,166436
vehicles_003,vehicles,CALIBRATION,vehicles transport,Wikimedia Commons,https://commons.wikimedia.org/wiki/File:RUS-2016-Aerial-SPB-Tauride_Palace_(crop).jpg,https://thumb.wikimedia.org/wikipedia/commons/thumb/e/e3/RUS-2016-Aerial-SPB-Tauride_Palace_%28crop%29.jpg/960px-RUS-2016-Aerial-SPB-Tauride_Palace_%28crop%29.jpg?utm_source=commons.wikimedia.org&utm_campaign=imageinfo&utm_content=thumbnail,File:RUS-2016-Aerial-SPB-Tauride Palace (crop).jpg,Godot13,CC BY-SA 4.0,https://creativecommons.org/licenses/by-sa/4.0,Own work,data/external/phase3_rejection/non_pepper/vehicles/vehicles_003.jpg,35523df00b79cc377b1e14b48a3a9db72757bc3a48b8710def8b9d1635f37d50,280389
vehicles_004,vehicles,CALIBRATION,vehicles transport,Wikimedia Commons,https://commons.wikimedia.org/wiki/File:CampanileGiotto-01.jpg,https://thumb.wikimedia.org/wikipedia/commons/thumb/6/69/CampanileGiotto-01.jpg/960px-CampanileGiotto-01.jpg?utm_source=commons.wikimedia.org&utm_campaign=imageinfo&utm_content=thumbnail,File:CampanileGiotto-01.jpg,Thermos,CC BY-SA 2.5,https://creativecommons.org/licenses/by-sa/2.5,Own work,data/external/phase3_rejection/non_pepper/vehicles/vehicles_004.jpg,f5d2b51612dfc5ca48143fc25685dba1d2547c8b3acdd59ed0d13dd88b39d740,645414
vehicles_005,vehicles,CALIBRATION,vehicles transport,Wikimedia Commons,"https://commons.wikimedia.org/wiki/File:Bas%C3%ADlica_de_Notre-Dame,_Montreal,_Canad%C3%A1,_2017-08-11,_DD_20-22_HDR.jpg",https://thumb.wikimedia.org/wikipedia/commons/thumb/5/5d/Bas%C3%ADlica_de_Notre-Dame%2C_Montreal%2C_Canad%C3%A1%2C_2017-08-11%2C_DD_20-22_HDR.jpg/960px-Bas%C3%ADlica_de_Notre-Dame%2C_Montreal%2C_Canad%C3%A1%2C_2017-08-11%2C_DD_20-22_HDR.jpg?utm_source=commons.wikimedia.org&utm_campaign=imageinfo&utm_content=thumbnail,"File:Basílica de Notre-Dame, Montreal, Canadá, 2017-08-11, DD 20-22 HDR.jpg",Diego Delso,CC BY-SA 4.0,https://creativecommons.org/licenses/by-sa/4.0,Own work,data/external/phase3_rejection/non_pepper/vehicles/vehicles_005.jpg,4fea1aa9c4d466bb9fb197dceed63d70b0fe68a7830133fd14fe4c91655ab0ea,217414
vehicles_006,vehicles,EVALUATION,vehicles transport,Wikimedia Commons,https://commons.wikimedia.org/wiki/File:079-A2_31_Amman_20000910.jpg,https://thumb.wikimedia.org/wikipedia/commons/thumb/d/d0/079-A2_31_Amman_20000910.jpg/960px-079-A2_31_Amman_20000910.jpg?utm_source=commons.wikimedia.org&utm_campaign=imageinfo&utm_content=thumbnail,File:079-A2 31 Amman 20000910.jpg,MaltaGC (Nigel Tout),CC BY-SA 4.0,https://creativecommons.org/licenses/by-sa/4.0,"Nigel Tout’s Website: Charter train from Amman towards Qasir, Jordan, 10/9/2000.",data/external/phase3_rejection/non_pepper/vehicles/vehicles_006.jpg,62ad449b02eb5211dcf188613825ac97334a1ecdd9266f0a38b49de826169009,249372
vehicles_007,vehicles,EVALUATION,vehicles transport,Wikimedia Commons,https://commons.wikimedia.org/wiki/File:Vehicle-Assembly-Building-July-6-2005.jpg,https://thumb.wikimedia.org/wikipedia/commons/thumb/4/4a/Vehicle-Assembly-Building-July-6-2005.jpg/960px-Vehicle-Assembly-Building-July-6-2005.jpg?utm_source=commons.wikimedia.org&utm_campaign=imageinfo&utm_content=thumbnail,File:Vehicle-Assembly-Building-July-6-2005.jpg,MrMiscellanious,Public domain,,Own work,data/external/phase3_rejection/non_pepper/vehicles/vehicles_007.jpg,716d45ba27eb22e0374a59f407c1481b73301911f4d882b8c773575ae0911610,232291
vehicles_008,vehicles,EVALUATION,vehicles transport,Wikimedia Commons,https://commons.wikimedia.org/wiki/File:British_Transport_Police_vehicle_entering_the_concourse_of_Bangor_Station_-_geograph.org.uk_-_1455756.jpg,https://upload.wikimedia.org/wikipedia/commons/5/52/British_Transport_Police_vehicle_entering_the_concourse_of_Bangor_Station_-_geograph.org.uk_-_1455756.jpg?utm_source=commons.wikimedia.org&utm_campaign=imageinfo&utm_content=thumbnail_unscaled,File:British Transport Police vehicle entering the concourse of Bangor Station - geograph.org.uk - 1455756.jpg,Eric Jones,CC BY-SA 2.0,https://creativecommons.org/licenses/by-sa/2.0,From geograph.org.uk,data/external/phase3_rejection/non_pepper/vehicles/vehicles_008.jpg,6160e7c198b9e7e69e26e086ba13f6fc037eb469480dbf1c25eeee065d7382ef,62620
