physical_sample_id,source_grade,sample_id,v3_grade,image_count,partition
grade_1/sample_001,grade_1,sample_001,V3 Grade 1,4,VALIDATION
grade_1/sample_002,grade_1,sample_002,V3 Grade 1,5,TRAIN
grade_1/sample_003,grade_1,sample_003,V3 Grade 1,4,TRAIN
grade_1/sample_004,grade_1,sample_004,V3 Grade 1,4,TRAIN
grade_1/sample_005,grade_1,sample_005,V3 Grade 1,4,TRAIN
grade_1/sample_006,grade_1,sample_006,V3 Grade 1,4,TRAIN
grade_1/sample_007,grade_1,sample_007,V3 Grade 1,4,VALIDATION
grade_1/sample_008,grade_1,sample_008,V3 Grade 1,4,VALIDATION
grade_1/sample_009,grade_1,sample_009,V3 Grade 1,4,TRAIN
grade_1/sample_010,grade_1,sample_010,V3 Grade 1,4,TRAIN
grade_1/sample_011,grade_1,sample_011,V3 Grade 1,4,TRAIN
grade_1/sample_012,grade_1,sample_012,V3 Grade 1,4,VALIDATION
grade_1/sample_013,grade_1,sample_013,V3 Grade 1,4,TEST
grade_1/sample_014,grade_1,sample_014,V3 Grade 1,4,TRAIN
grade_1/sample_015,grade_1,sample_015,V3 Grade 1,4,TRAIN
grade_1/sample_016,grade_1,sample_016,V3 Grade 1,4,TRAIN
grade_1/sample_017,grade_1,sample_017,V3 Grade 1,4,TEST
grade_1/sample_018,grade_1,sample_018,V3 Grade 1,5,TRAIN
grade_1/sample_019,grade_1,sample_019,V3 Grade 1,4,TRAIN
grade_1/sample_020,grade_1,sample_020,V3 Grade 1,4,TRAIN
grade_1/sample_021,grade_1,sample_021,V3 Grade 1,4,TRAIN
grade_1/sample_022,grade_1,sample_022,V3 Grade 1,4,TRAIN
grade_1/sample_023,grade_1,sample_023,V3 Grade 1,4,TRAIN
grade_1/sample_024,grade_1,sample_024,V3 Grade 1,4,TRAIN
grade_1/sample_025,grade_1,sample_025,V3 Grade 1,4,TRAIN
grade_1/sample_026,grade_1,sample_026,V3 Grade 1,4,TRAIN
grade_1/sample_027,grade_1,sample_027,V3 Grade 1,4,TRAIN
grade_1/sample_028,grade_1,sample_028,V3 Grade 1,3,TRAIN
grade_1/sample_029,grade_1,sample_029,V3 Grade 1,4,TRAIN
grade_1/sample_030,grade_1,sample_030,V3 Grade 1,3,TRAIN
grade_1/sample_031,grade_1,sample_031,V3 Grade 1,4,TRAIN
grade_1/sample_032,grade_1,sample_032,V3 Grade 1,4,VALIDATION
grade_1/sample_033,grade_1,sample_033,V3 Grade 1,4,TRAIN
grade_1/sample_034,grade_1,sample_034,V3 Grade 1,4,TRAIN
grade_1/sample_035,grade_1,sample_035,V3 Grade 1,4,TRAIN
grade_1/sample_036,grade_1,sample_036,V3 Grade 1,4,TRAIN
grade_1/sample_037,grade_1,sample_037,V3 Grade 1,4,VALIDATION
grade_1/sample_038,grade_1,sample_038,V3 Grade 1,4,VALIDATION
grade_1/sample_039,grade_1,sample_039,V3 Grade 1,4,TEST
grade_1/sample_040,grade_1,sample_040,V3 Grade 1,4,TEST
grade_1/sample_041,grade_1,sample_041,V3 Grade 1,4,TRAIN
grade_1/sample_042,grade_1,sample_042,V3 Grade 1,4,TEST
grade_1/sample_043,grade_1,sample_043,V3 Grade 1,4,TRAIN
grade_1/sample_044,grade_1,sample_044,V3 Grade 1,4,TRAIN
grade_1/sample_045,grade_1,sample_045,V3 Grade 1,4,TRAIN
grade_1/sample_046,grade_1,sample_046,V3 Grade 1,4,VALIDATION
grade_1/sample_047,grade_1,sample_047,V3 Grade 1,4,TEST
grade_1/sample_048,grade_1,sample_048,V3 Grade 1,4,VALIDATION
grade_1/sample_049,grade_1,sample_049,V3 Grade 1,4,TRAIN
grade_1/sample_050,grade_1,sample_050,V3 Grade 1,4,TRAIN
grade_1/sample_051,grade_1,sample_051,V3 Grade 1,4,TRAIN
grade_1/sample_052,grade_1,sample_052,V3 Grade 1,4,TRAIN
grade_1/sample_053,grade_1,sample_053,V3 Grade 1,4,TEST
grade_1/sample_054,grade_1,sample_054,V3 Grade 1,4,TRAIN
grade_1/sample_055,grade_1,sample_055,V3 Grade 1,4,TRAIN
grade_1/sample_056,grade_1,sample_056,V3 Grade 1,4,TEST
grade_1/sample_057,grade_1,sample_057,V3 Grade 1,4,TRAIN
grade_1/sample_058,grade_1,sample_058,V3 Grade 1,4,TRAIN
grade_1/sample_059,grade_1,sample_059,V3 Grade 1,4,TRAIN
grade_1/sample_060,grade_1,sample_060,V3 Grade 1,4,TRAIN
grade_1/sample_061,grade_1,sample_061,V3 Grade 1,4,TEST
grade_1/sample_062,grade_1,sample_062,V3 Grade 1,4,TRAIN
grade_1/sample_063,grade_1,sample_063,V3 Grade 1,4,TEST
grade_1/sample_064,grade_1,sample_064,V3 Grade 1,4,TRAIN
grade_1/sample_065,grade_1,sample_065,V3 Grade 1,4,VALIDATION
grade_1/sample_066,grade_1,sample_066,V3 Grade 1,4,TRAIN
grade_1/sample_067,grade_1,sample_067,V3 Grade 1,4,TRAIN
grade_1/sample_068,grade_1,sample_068,V3 Grade 1,4,VALIDATION
grade_1/sample_069,grade_1,sample_069,V3 Grade 1,4,TRAIN
grade_1/sample_070,grade_1,sample_070,V3 Grade 1,4,TRAIN
grade_1/sample_071,grade_1,sample_071,V3 Grade 1,4,TRAIN
grade_1/sample_072,grade_1,sample_072,V3 Grade 1,4,TEST
grade_1/sample_073,grade_1,sample_073,V3 Grade 1,4,TRAIN
grade_1/sample_074,grade_1,sample_074,V3 Grade 1,4,TRAIN
grade_1/sample_075,grade_1,sample_075,V3 Grade 1,4,TRAIN
grade_1/sample_076,grade_1,sample_076,V3 Grade 1,4,TRAIN
grade_1/sample_077,grade_1,sample_077,V3 Grade 1,4,VALIDATION
grade_1/sample_078,grade_1,sample_078,V3 Grade 1,4,TRAIN
grade_1/sample_079,grade_1,sample_079,V3 Grade 1,4,TEST
grade_1/sample_080,grade_1,sample_080,V3 Grade 1,4,TRAIN
grade_1/sample_081,grade_1,sample_081,V3 Grade 1,4,TRAIN
grade_1/sample_082,grade_1,sample_082,V3 Grade 1,4,TRAIN
grade_1/sample_083,grade_1,sample_083,V3 Grade 1,4,TRAIN
grade_1/sample_084,grade_1,sample_084,V3 Grade 1,4,TRAIN
grade_1/sample_085,grade_1,sample_085,V3 Grade 1,4,TRAIN
grade_1/sample_086,grade_1,sample_086,V3 Grade 1,4,TRAIN
grade_1/sample_087,grade_1,sample_087,V3 Grade 1,4,VALIDATION
grade_1/sample_088,grade_1,sample_088,V3 Grade 1,4,TRAIN
grade_1/sample_089,grade_1,sample_089,V3 Grade 1,4,TRAIN
grade_1/sample_090,grade_1,sample_090,V3 Grade 1,4,TRAIN
grade_1/sample_091,grade_1,sample_091,V3 Grade 1,4,TEST
grade_1/sample_092,grade_1,sample_092,V3 Grade 1,4,TRAIN
grade_1/sample_093,grade_1,sample_093,V3 Grade 1,4,TEST
grade_1/sample_094,grade_1,sample_094,V3 Grade 1,4,TRAIN
grade_1/sample_095,grade_1,sample_095,V3 Grade 1,4,TRAIN
grade_1/sample_096,grade_1,sample_096,V3 Grade 1,4,TRAIN
grade_1/sample_097,grade_1,sample_097,V3 Grade 1,4,TEST
grade_1/sample_098,grade_1,sample_098,V3 Grade 1,4,TEST
grade_1/sample_099,grade_1,sample_099,V3 Grade 1,4,VALIDATION
grade_1/sample_100,grade_1,sample_100,V3 Grade 1,4,VALIDATION
grade_1/sample_101,grade_1,sample_101,V3 Grade 1,4,VALIDATION
grade_1/sample_102,grade_1,sample_102,V3 Grade 1,4,TRAIN
grade_1/sample_103,grade_1,sample_103,V3 Grade 1,4,TRAIN
grade_1/sample_104,grade_1,sample_104,V3 Grade 1,4,TRAIN
grade_1/sample_105,grade_1,sample_105,V3 Grade 1,4,TEST
grade_1/sample_106,grade_1,sample_106,V3 Grade 1,4,TRAIN
grade_1/sample_107,grade_1,sample_107,V3 Grade 1,4,TRAIN
grade_1/sample_108,grade_1,sample_108,V3 Grade 1,4,TRAIN
grade_1/sample_109,grade_1,sample_109,V3 Grade 1,4,TRAIN
grade_1/sample_110,grade_1,sample_110,V3 Grade 1,4,TRAIN
grade_1/sample_111,grade_1,sample_111,V3 Grade 1,4,VALIDATION
grade_1/sample_112,grade_1,sample_112,V3 Grade 1,4,TRAIN
grade_2/sample_001,grade_2,sample_001,V3 Grade 2,4,TRAIN
grade_2/sample_002,grade_2,sample_002,V3 Grade 2,4,TRAIN
grade_2/sample_003,grade_2,sample_003,V3 Grade 2,4,TRAIN
grade_2/sample_004,grade_2,sample_004,V3 Grade 2,4,TEST
grade_2/sample_005,grade_2,sample_005,V3 Grade 2,4,TRAIN
grade_2/sample_006,grade_2,sample_006,V3 Grade 2,4,TRAIN
grade_2/sample_007,grade_2,sample_007,V3 Grade 2,4,TRAIN
grade_2/sample_008,grade_2,sample_008,V3 Grade 2,4,TRAIN
grade_2/sample_009,grade_2,sample_009,V3 Grade 2,4,TRAIN
grade_2/sample_010,grade_2,sample_010,V3 Grade 2,3,TRAIN
grade_2/sample_011,grade_2,sample_011,V3 Grade 2,4,TRAIN
grade_2/sample_012,grade_2,sample_012,V3 Grade 2,4,TRAIN
grade_2/sample_013,grade_2,sample_013,V3 Grade 2,4,TRAIN
grade_2/sample_014,grade_2,sample_014,V3 Grade 2,4,VALIDATION
grade_2/sample_015,grade_2,sample_015,V3 Grade 2,4,TRAIN
grade_2/sample_016,grade_2,sample_016,V3 Grade 2,4,TRAIN
grade_2/sample_017,grade_2,sample_017,V3 Grade 2,4,TEST
grade_2/sample_018,grade_2,sample_018,V3 Grade 2,4,VALIDATION
grade_2/sample_019,grade_2,sample_019,V3 Grade 2,4,TEST
grade_2/sample_020,grade_2,sample_020,V3 Grade 2,4,TRAIN
grade_2/sample_021,grade_2,sample_021,V3 Grade 2,4,TRAIN
grade_2/sample_022,grade_2,sample_022,V3 Grade 2,4,TRAIN
grade_2/sample_023,grade_2,sample_023,V3 Grade 2,4,TRAIN
grade_2/sample_024,grade_2,sample_024,V3 Grade 2,4,TRAIN
grade_2/sample_025,grade_2,sample_025,V3 Grade 2,4,TRAIN
grade_2/sample_026,grade_2,sample_026,V3 Grade 2,4,TEST
grade_2/sample_027,grade_2,sample_027,V3 Grade 2,4,VALIDATION
grade_2/sample_028,grade_2,sample_028,V3 Grade 2,4,TRAIN
grade_2/sample_029,grade_2,sample_029,V3 Grade 2,4,TEST
grade_2/sample_030,grade_2,sample_030,V3 Grade 2,4,TEST
grade_2/sample_031,grade_2,sample_031,V3 Grade 2,4,TRAIN
grade_2/sample_032,grade_2,sample_032,V3 Grade 2,4,TRAIN
grade_2/sample_033,grade_2,sample_033,V3 Grade 2,4,TRAIN
grade_2/sample_034,grade_2,sample_034,V3 Grade 2,4,VALIDATION
grade_2/sample_035,grade_2,sample_035,V3 Grade 2,4,TRAIN
grade_2/sample_036,grade_2,sample_036,V3 Grade 2,4,VALIDATION
grade_2/sample_037,grade_2,sample_037,V3 Grade 2,4,TRAIN
grade_2/sample_038,grade_2,sample_038,V3 Grade 2,4,TRAIN
grade_2/sample_039,grade_2,sample_039,V3 Grade 2,4,TRAIN
grade_2/sample_040,grade_2,sample_040,V3 Grade 2,4,TEST
grade_2/sample_041,grade_2,sample_041,V3 Grade 2,4,TRAIN
grade_2/sample_042,grade_2,sample_042,V3 Grade 2,4,TRAIN
grade_2/sample_043,grade_2,sample_043,V3 Grade 2,4,TRAIN
grade_2/sample_044,grade_2,sample_044,V3 Grade 2,4,TEST
grade_2/sample_045,grade_2,sample_045,V3 Grade 2,4,VALIDATION
grade_2/sample_046,grade_2,sample_046,V3 Grade 2,4,TRAIN
grade_2/sample_047,grade_2,sample_047,V3 Grade 2,4,TRAIN
grade_2/sample_048,grade_2,sample_048,V3 Grade 2,4,TRAIN
grade_2/sample_049,grade_2,sample_049,V3 Grade 2,4,TRAIN
grade_2/sample_050,grade_2,sample_050,V3 Grade 2,4,TRAIN
grade_2/sample_051,grade_2,sample_051,V3 Grade 2,4,VALIDATION
grade_2/sample_052,grade_2,sample_052,V3 Grade 2,4,TRAIN
grade_2/sample_053,grade_2,sample_053,V3 Grade 2,4,TRAIN
grade_2/sample_054,grade_2,sample_054,V3 Grade 2,4,TRAIN
grade_2/sample_055,grade_2,sample_055,V3 Grade 2,4,TRAIN
grade_2/sample_056,grade_2,sample_056,V3 Grade 2,4,VALIDATION
grade_2/sample_057,grade_2,sample_057,V3 Grade 2,4,VALIDATION
grade_2/sample_058,grade_2,sample_058,V3 Grade 2,4,TEST
grade_2/sample_059,grade_2,sample_059,V3 Grade 2,4,TRAIN
grade_2/sample_060,grade_2,sample_060,V3 Grade 2,4,TRAIN
grade_2/sample_061,grade_2,sample_061,V3 Grade 2,4,VALIDATION
grade_2/sample_062,grade_2,sample_062,V3 Grade 2,4,TRAIN
grade_2/sample_063,grade_2,sample_063,V3 Grade 2,4,TEST
grade_2/sample_064,grade_2,sample_064,V3 Grade 2,4,TEST
grade_2/sample_065,grade_2,sample_065,V3 Grade 2,4,TRAIN
grade_2/sample_066,grade_2,sample_066,V3 Grade 2,4,TRAIN
grade_2/sample_067,grade_2,sample_067,V3 Grade 2,4,TRAIN
grade_2/sample_068,grade_2,sample_068,V3 Grade 2,4,TEST
grade_2/sample_069,grade_2,sample_069,V3 Grade 2,4,TRAIN
grade_2/sample_070,grade_2,sample_070,V3 Grade 2,4,TRAIN
grade_2/sample_071,grade_2,sample_071,V3 Grade 2,4,TRAIN
grade_2/sample_072,grade_2,sample_072,V3 Grade 2,4,VALIDATION
grade_2/sample_073,grade_2,sample_073,V3 Grade 2,4,TRAIN
grade_2/sample_074,grade_2,sample_074,V3 Grade 2,4,TRAIN
grade_2/sample_075,grade_2,sample_075,V3 Grade 2,4,TRAIN
grade_2/sample_076,grade_2,sample_076,V3 Grade 2,4,TRAIN
grade_2/sample_077,grade_2,sample_077,V3 Grade 2,4,TRAIN
grade_2/sample_078,grade_2,sample_078,V3 Grade 2,4,TRAIN
grade_2/sample_079,grade_2,sample_079,V3 Grade 2,4,VALIDATION
grade_2/sample_080,grade_2,sample_080,V3 Grade 2,4,TRAIN
grade_2/sample_081,grade_2,sample_081,V3 Grade 2,4,TRAIN
grade_2/sample_082,grade_2,sample_082,V3 Grade 2,4,TEST
