method,partition,grade,reference_date,target_date,reference_price_lkr_per_kg,actual_return,predicted_return,actual_price_lkr_per_kg,predicted_price_lkr_per_kg,actual_direction,predicted_direction,training_rows
zero_return_persistence,EXTERNAL_NEWEST,Grade 1,2026-08-18,2026-08-25,1886.14,0.0033348531922339,0.0,1892.4300000000003,1886.14,UP,FLAT,487
zero_return_persistence,EXTERNAL_NEWEST,Grade 2,2026-08-18,2026-08-25,1800.0,0.0,0.0,1800.0,1800.0,FLAT,FLAT,352
zero_return_persistence,EXTERNAL_NEWEST,Grade 1,2026-08-25,2026-09-01,1892.43,0.0138129283513788,0.0,1918.57,1892.43,UP,FLAT,488
zero_return_persistence,EXTERNAL_NEWEST,Grade 2,2026-08-25,2026-09-01,1800.0,-0.0333333333333333,0.0,1740.0,1800.0,DOWN,FLAT,353
zero_return_persistence,EXTERNAL_NEWEST,Grade 1,2026-09-01,2026-09-08,1918.57,0.0202911543493331,0.0,1957.5,1918.57,UP,FLAT,489
zero_return_persistence,EXTERNAL_NEWEST,Grade 2,2026-09-01,2026-09-08,1740.0,0.0847701149425288,0.0,1887.5000000000002,1740.0,UP,FLAT,354
zero_return_persistence,EXTERNAL_NEWEST,Grade 1,2026-09-08,2026-09-15,1957.5,0.0153256704980841,0.0,1987.4999999999998,1957.5,UP,FLAT,490
zero_return_persistence,EXTERNAL_NEWEST,Grade 2,2026-09-08,2026-09-15,1887.5,0.0278145695364238,0.0,1940.0,1887.5,UP,FLAT,355
zero_return_persistence,EXTERNAL_NEWEST,Grade 1,2026-09-15,2026-09-29,1987.5,0.0060025157232703,0.0,1999.4299999999998,1987.5,UP,FLAT,491
zero_return_persistence,EXTERNAL_NEWEST,Grade 2,2026-09-15,2026-09-29,1940.0,-0.0257731958762886,0.0,1890.0000000000002,1940.0,DOWN,FLAT,356
last_observed_return,EXTERNAL_NEWEST,Grade 1,2026-08-18,2026-08-25,1886.14,0.0033348531922339,0.0161242531825602,1892.4300000000003,1916.5525988977543,UP,UP,487
last_observed_return,EXTERNAL_NEWEST,Grade 2,2026-08-18,2026-08-25,1800.0,0.0,0.0,1800.0,1800.0,FLAT,FLAT,352
last_observed_return,EXTERNAL_NEWEST,Grade 1,2026-08-25,2026-09-01,1892.43,0.0138129283513788,0.0033348531922339,1918.57,1898.7409762265793,UP,UP,488
last_observed_return,EXTERNAL_NEWEST,Grade 2,2026-08-25,2026-09-01,1800.0,-0.0333333333333333,0.0,1740.0,1800.0,DOWN,FLAT,353
last_observed_return,EXTERNAL_NEWEST,Grade 1,2026-09-01,2026-09-08,1918.57,0.0202911543493331,0.0138129283513788,1957.5,1945.071069947105,UP,UP,489
last_observed_return,EXTERNAL_NEWEST,Grade 2,2026-09-01,2026-09-08,1740.0,0.0847701149425288,-0.0333333333333333,1887.5000000000002,1682.0,UP,DOWN,354
last_observed_return,EXTERNAL_NEWEST,Grade 1,2026-09-08,2026-09-15,1957.5,0.0153256704980841,0.0202911543493331,1987.4999999999998,1997.2199346388197,UP,UP,490
last_observed_return,EXTERNAL_NEWEST,Grade 2,2026-09-08,2026-09-15,1887.5,0.0278145695364238,0.0847701149425288,1940.0,2047.5035919540232,UP,UP,355
last_observed_return,EXTERNAL_NEWEST,Grade 1,2026-09-15,2026-09-29,1987.5,0.0060025157232703,0.0153256704980841,1999.4299999999998,2017.9597701149423,UP,UP,491
last_observed_return,EXTERNAL_NEWEST,Grade 2,2026-09-15,2026-09-29,1940.0,-0.0257731958762886,0.0278145695364238,1890.0000000000002,1993.9602649006622,DOWN,UP,356
expanding_mean_return,EXTERNAL_NEWEST,Grade 1,2026-08-18,2026-08-25,1886.14,0.0033348531922339,0.0020976790222923137,1892.4300000000003,1890.0965163111066,UP,UP,487
expanding_mean_return,EXTERNAL_NEWEST,Grade 2,2026-08-18,2026-08-25,1800.0,0.0,0.005146577095435684,1800.0,1809.2638387717843,FLAT,UP,352
expanding_mean_return,EXTERNAL_NEWEST,Grade 1,2026-08-25,2026-09-01,1892.43,0.0138129283513788,0.002100214215263506,1918.57,1896.4045083873912,UP,UP,488
expanding_mean_return,EXTERNAL_NEWEST,Grade 2,2026-08-25,2026-09-01,1800.0,-0.0333333333333333,0.005131997556921702,1740.0,1809.2375956024591,DOWN,UP,353
expanding_mean_return,EXTERNAL_NEWEST,Grade 1,2026-09-01,2026-09-08,1918.57,0.0202911543493331,0.002124166595909958,1957.5,1922.645362305915,UP,UP,489
expanding_mean_return,EXTERNAL_NEWEST,Grade 2,2026-09-01,2026-09-08,1740.0,0.0847701149425288,0.005023338430113072,1887.5000000000002,1748.7406088683967,UP,UP,354
expanding_mean_return,EXTERNAL_NEWEST,Grade 1,2026-09-08,2026-09-15,1957.5,0.0153256704980841,0.0021612420811210255,1987.4999999999998,1961.7306313737943,UP,UP,490
expanding_mean_return,EXTERNAL_NEWEST,Grade 2,2026-09-08,2026-09-15,1887.5,0.0278145695364238,0.005247977237190299,1940.0,1897.4055570351966,UP,UP,355
expanding_mean_return,EXTERNAL_NEWEST,Grade 1,2026-09-15,2026-09-29,1987.5,0.0060025157232703,0.0021880535442920295,1999.4299999999998,1991.8487564192803,UP,UP,491
expanding_mean_return,EXTERNAL_NEWEST,Grade 2,2026-09-15,2026-09-29,1940.0,-0.0257731958762886,0.00531136654140163,1890.0000000000002,1950.304051090319,DOWN,UP,356
separate_ridge,EXTERNAL_NEWEST,Grade 1,2026-08-18,2026-08-25,1886.14,0.0033348531922339,-0.0076936298341393605,1892.4300000000003,1871.6287370246366,UP,DOWN,484
separate_ridge,EXTERNAL_NEWEST,Grade 2,2026-08-18,2026-08-25,1800.0,0.0,-0.01082662870486164,1800.0,1780.512068331249,FLAT,DOWN,349
separate_ridge,EXTERNAL_NEWEST,Grade 1,2026-08-25,2026-09-01,1892.43,0.0138129283513788,-0.0032106687890784994,1918.57,1886.3540340634843,UP,DOWN,485
separate_ridge,EXTERNAL_NEWEST,Grade 2,2026-08-25,2026-09-01,1800.0,-0.0333333333333333,-0.010731183902303565,1740.0,1780.6838689758536,DOWN,DOWN,350
separate_ridge,EXTERNAL_NEWEST,Grade 1,2026-09-01,2026-09-08,1918.57,0.0202911543493331,-0.006522028130403481,1957.5,1906.0570324898517,UP,DOWN,486
separate_ridge,EXTERNAL_NEWEST,Grade 2,2026-09-01,2026-09-08,1740.0,0.0847701149425288,0.005599875702933504,1887.5000000000002,1749.7437837231041,UP,UP,351
separate_ridge,EXTERNAL_NEWEST,Grade 1,2026-09-08,2026-09-15,1957.5,0.0153256704980841,-0.008188521602825502,1987.4999999999998,1941.4709689624692,UP,DOWN,487
separate_ridge,EXTERNAL_NEWEST,Grade 2,2026-09-08,2026-09-15,1887.5,0.0278145695364238,-0.0343272626674255,1940.0,1822.7072917152345,UP,DOWN,352
separate_ridge,EXTERNAL_NEWEST,Grade 1,2026-09-15,2026-09-29,1987.5,0.0060025157232703,-0.007878521947076056,1999.4299999999998,1971.8414376301864,UP,DOWN,488
separate_ridge,EXTERNAL_NEWEST,Grade 2,2026-09-15,2026-09-29,1940.0,-0.0257731958762886,-0.021359484492465525,1890.0000000000002,1898.5626000846169,DOWN,DOWN,353
