experiment,method,target,feature_group,formulation,partition,grade,feature_date,target_date,days_ahead,current_price,actual_price,predicted_price,actual_return,predicted_return,actual_target,predicted_target,actual_direction,predicted_direction,days_since_previous_observation,training_rows,candidate_id,interval_return_radius,interval_lower_price,interval_upper_price,interval_covered
selected_ml,ridge,log_return,A_return_lags,separate,EXTERNAL_NEWEST,Grade 1,2026-08-18,2026-08-25,7,1886.14,1892.43,1885.971674271908,0.003334853192233922,-8.924349628991468e-05,0.0033293049010628168,-8.924747872771815e-05,UP,DOWN,7.0,483,selected_ml|ridge|log_return|A_return_lags|separate,0.024204823863177682,1840.3179877906139,1931.625360753202,True
selected_ml,ridge,log_return,A_return_lags,separate,EXTERNAL_NEWEST,Grade 2,2026-08-18,2026-08-25,7,1800.0,1800.0,1797.3747032672468,0.0,-0.0014584981848628775,0.0,-0.0014595628286537582,FLAT,DOWN,7.0,348,selected_ml|ridge|log_return|A_return_lags|separate,0.12276749569157275,1576.393211022416,2018.3561955120779,True
selected_ml,ridge,log_return,A_return_lags,separate,EXTERNAL_NEWEST,Grade 1,2026-08-25,2026-09-01,7,1892.43,1918.57,1895.8141641256036,0.013812928351378817,0.0017882638330630751,0.013718399343492053,0.0017866667929639281,UP,UP,7.0,484,selected_ml|ridge|log_return|A_return_lags|separate,0.024204823863177682,1850.0082293022103,1941.6200989489967,True
selected_ml,ridge,log_return,A_return_lags,separate,EXTERNAL_NEWEST,Grade 2,2026-08-25,2026-09-01,7,1800.0,1740.0,1797.382432835994,-0.033333333333333326,-0.001454203980003288,-0.03390155167568134,-0.0014552623608031926,DOWN,DOWN,7.0,349,selected_ml|ridge|log_return|A_return_lags|separate,0.12276749569157275,1576.4009405911631,2018.3639250808249,True
selected_ml,ridge,log_return,A_return_lags,separate,EXTERNAL_NEWEST,Grade 1,2026-09-01,2026-09-08,7,1918.57,1957.5,1919.9398224504887,0.02029115434933315,0.0007139809600320568,0.020088032004903607,0.0007137261968831298,UP,UP,7.0,485,selected_ml|ridge|log_return|A_return_lags|separate,0.024204823863177682,1873.501173531312,1966.3784713696657,True
selected_ml,ridge,log_return,A_return_lags,separate,EXTERNAL_NEWEST,Grade 2,2026-09-01,2026-09-08,7,1740.0,1887.5,1747.6178128000004,0.08477011494252884,0.00437805333333352,0.08136808891460515,0.00436849753820735,UP,UP,7.0,350,selected_ml|ridge|log_return|A_return_lags|separate,0.12276749569157275,1534.0023702966637,1961.2332553033368,True
selected_ml,ridge,log_return,A_return_lags,separate,EXTERNAL_NEWEST,Grade 1,2026-09-08,2026-09-15,7,1957.5,1987.5,1958.3379209192806,0.015325670498084198,0.00042805666374490237,0.015209418663528708,0.00042796507362737995,UP,UP,7.0,486,selected_ml|ridge|log_return|A_return_lags|separate,0.024204823863177682,1910.9569782071103,2005.7188636314506,True
selected_ml,ridge,log_return,A_return_lags,separate,EXTERNAL_NEWEST,Grade 2,2026-09-08,2026-09-15,7,1887.5,1940.0,1857.493105855561,0.027814569536423805,-0.015897692261954477,0.02743477093419401,-0.01602541605602085,UP,DOWN,7.0,351,selected_ml|ridge|log_return|A_return_lags|separate,0.12276749569157275,1625.7694577377174,2089.2167539734046,True
selected_ml,ridge,log_return,A_return_lags,separate,EXTERNAL_NEWEST,Grade 1,2026-09-15,2026-09-29,14,1987.5,1999.43,1990.5974471737297,0.006002515723270374,0.001558463986782277,0.005984572393377305,0.0015572508420478284,UP,UP,7.0,487,selected_ml|ridge|log_return|A_return_lags|separate,0.024204823863177682,1942.4903597456641,2038.704534601795,True
selected_ml,ridge,log_return,A_return_lags,separate,EXTERNAL_NEWEST,Grade 2,2026-09-15,2026-09-29,14,1940.0,1890.0,1931.1312179432457,-0.02577319587628868,-0.004571537142656901,-0.026111144003685773,-0.004582018574950818,DOWN,DOWN,7.0,352,selected_ml|ridge|log_return|A_return_lags|separate,0.12276749569157275,1692.9622763015946,2169.300159584897,True
