experiment,method,target,feature_group,formulation,partition,grade,feature_date,target_date,days_ahead,current_price,actual_price,predicted_price,actual_return,predicted_return,actual_target,predicted_target,actual_direction,predicted_direction,days_since_previous_observation,training_rows,candidate_id,interval_return_radius,interval_lower_price,interval_upper_price,interval_covered,evaluation_scope,absolute_price_error,absolute_return_error,direction_correct
selected_ml,ridge,log_return,A_return_lags,separate,TEST,Grade 2,2026-02-24,2026-03-03,7,1650.0,1900.0,1684.3556560496072,0.1515151515151516,0.020821609727034618,0.1410785982599056,0.02060780278776268,UP,UP,7.0,326,selected_ml|ridge|log_return|A_return_lags|separate,0.12276749569157275,1481.7892881585121,1886.922023940702,False,FINAL_TEST,215.6443439503928,0.13069354178811698,True
selected_ml,ridge,log_return,A_return_lags,separate,TEST,Grade 2,2025-05-07,2025-05-14,7,2025.0,1800.0,2011.1082437837906,-0.11111111111111116,-0.006860126526523125,-0.11778303565638351,-0.006883765366824694,DOWN,DOWN,8.0,284,selected_ml|ridge|log_return|A_return_lags|separate,0.12276749569157275,1762.5040650083558,2259.7124225592256,True,FINAL_TEST,211.1082437837906,0.10425098458458804,True
selected_ml,ridge,log_return,A_return_lags,separate,TEST,Grade 2,2026-02-17,2026-02-24,7,1865.0,1650.0,1852.3021262144182,-0.11528150134048254,-0.006808511413180618,-0.12248576518328959,-0.006831795071898055,DOWN,DOWN,7.0,325,selected_ml|ridge|log_return|A_return_lags|separate,0.12276749569157275,1623.340746749635,2081.2635056792014,True,FINAL_TEST,202.3021262144182,0.10847298992730192,True
selected_ml,ridge,log_return,A_return_lags,separate,TEST,Grade 2,2025-05-14,2025-05-20,6,1800.0,2000.0,1830.2161552572659,0.11111111111111116,0.016786752920703307,0.10536051565782635,0.01664741260279426,UP,UP,7.0,285,selected_ml|ridge|log_return|A_return_lags|separate,0.12276749569157275,1609.234663012435,2051.197647502097,True,FINAL_TEST,169.78384474273412,0.09432435819040785,True
selected_ml,ridge,log_return,A_return_lags,separate,TEST,Grade 2,2025-03-18,2025-03-25,7,1800.0,1925.0,1765.4141463279836,0.06944444444444442,-0.01921436315112024,0.06713930283762852,-0.01940135822952387,UP,DOWN,7.0,278,selected_ml|ridge|log_return|A_return_lags|separate,0.12276749569157275,1544.4326540831526,1986.3956385728147,True,FINAL_TEST,159.58585367201636,0.08865880759556466,False
selected_ml,ridge,log_return,A_return_lags,separate,EXTERNAL_NEWEST,Grade 2,2026-09-01,2026-09-08,7,1740.0,1887.5,1747.6178128000004,0.08477011494252884,0.00437805333333352,0.08136808891460515,0.00436849753820735,UP,UP,7.0,350,selected_ml|ridge|log_return|A_return_lags|separate,0.12276749569157275,1534.0023702966637,1961.2332553033368,True,EXTERNAL_NEWEST,139.88218719999963,0.08039206160919532,True
selected_ml,ridge,log_return,A_return_lags,separate,TEST,Grade 2,2026-04-07,2026-04-21,14,1775.0,1915.0,1780.643222231656,0.07887323943661961,0.003179280130510387,0.0759171997052301,0.0031742369058250885,UP,UP,7.0,332,selected_ml|ridge|log_return|A_return_lags|separate,0.12276749569157275,1562.7309173791143,1998.5555270841976,True,FINAL_TEST,134.35677776834405,0.07569395930610923,True
selected_ml,ridge,log_return,A_return_lags,separate,TEST,Grade 2,2025-04-08,2025-04-22,14,1875.0,1990.0,1857.1337348047825,0.06133333333333324,-0.009528674770782675,0.059525979314026804,-0.009574363056408854,UP,DOWN,7.0,281,selected_ml|ridge|log_return|A_return_lags|separate,0.12276749569157275,1626.9446803830836,2087.3227892264813,True,FINAL_TEST,132.86626519521747,0.07086200810411591,False
selected_ml,ridge,log_return,A_return_lags,separate,TEST,Grade 2,2025-11-18,2025-11-25,7,1865.0,1725.0,1856.261707149763,-0.07506702412868638,-0.004685411715944832,-0.07803400261245584,-0.004696422664767271,DOWN,DOWN,7.0,312,selected_ml|ridge|log_return|A_return_lags|separate,0.12276749569157275,1627.3003276849797,2085.2230866145464,True,FINAL_TEST,131.26170714976297,0.07038161241274155,True
selected_ml,ridge,log_return,A_return_lags,separate,TEST,Grade 2,2025-12-16,2025-12-23,7,1860.0,1725.0,1851.5393500563828,-0.07258064516129037,-0.00454873652882648,-0.07534943724178685,-0.0045591135108931265,DOWN,DOWN,7.0,316,selected_ml|ridge|log_return|A_return_lags|separate,0.12276749569157275,1623.1918080700575,2079.886892042708,True,FINAL_TEST,126.53935005638277,0.06803190863246389,True
selected_ml,ridge,log_return,A_return_lags,separate,TEST,Grade 2,2025-02-25,2025-03-04,7,1650.0,1800.0,1678.599632787674,0.09090909090909083,0.017333110780408445,0.08701137698962969,0.017184605993010534,UP,UP,7.0,275,selected_ml|ridge|log_return|A_return_lags|separate,0.12276749569157275,1476.0332648965789,1881.166000678769,True,FINAL_TEST,121.40036721232605,0.07357598012868238,True
selected_ml,ridge,log_return,A_return_lags,separate,TEST,Grade 2,2026-06-09,2026-06-16,7,1900.0,1800.0,1920.1562988272997,-0.052631578947368474,0.010608578330157714,-0.05406722127027582,0.01055270219325469,DOWN,UP,14.0,339,selected_ml|ridge|log_return|A_return_lags|separate,0.12276749569157275,1686.8980570133115,2153.4145406412877,True,FINAL_TEST,120.15629882729968,0.06324015727752619,False
selected_ml,ridge,log_return,A_return_lags,separate,TEST,Grade 2,2025-12-23,2025-12-30,7,1725.0,1840.0,1738.9850942561438,0.06666666666666665,0.008107301018054347,0.06453852113757116,0.008074613406512015,UP,UP,7.0,317,selected_ml|ridge|log_return|A_return_lags|separate,0.12276749569157275,1527.2111641881806,1950.7590243241068,True,FINAL_TEST,101.01490574385616,0.058559365648612305,True
selected_ml,ridge,log_return,A_return_lags,separate,TEST,Grade 2,2025-12-02,2025-12-09,7,1800.0,1875.0,1783.3140579072797,0.04166666666666674,-0.009269967829289016,0.0408219945202552,-0.009313201370851024,UP,DOWN,7.0,314,selected_ml|ridge|log_return|A_return_lags|separate,0.12276749569157275,1562.3325656624488,2004.295550152111,True,FINAL_TEST,91.68594209272032,0.05093663449595576,False
selected_ml,ridge,log_return,A_return_lags,separate,TEST,Grade 2,2025-08-05,2025-08-12,7,1865.0,1950.0,1860.3517428528148,0.04557640750670244,-0.0024923630816006126,0.0445683194798766,-0.0024954741888802996,UP,DOWN,7.0,297,selected_ml|ridge|log_return|A_return_lags|separate,0.12276749569157275,1631.3903633880316,2089.3131223175983,True,FINAL_TEST,89.64825714718518,0.048068770588303056,False
selected_ml,ridge,log_return,A_return_lags,separate,TEST,Grade 2,2026-02-03,2026-02-10,7,1850.0,1770.0,1858.778959428296,-0.043243243243243246,0.004745383474754616,-0.04420609250449568,0.00473415963619933,DOWN,UP,7.0,323,selected_ml|ridge|log_return|A_return_lags|separate,0.12276749569157275,1631.6590923988865,2085.8988264577056,True,FINAL_TEST,88.77895942829605,0.04798862671799786,False
selected_ml,ridge,log_return,A_return_lags,separate,TEST,Grade 2,2026-02-10,2026-02-17,7,1770.0,1865.0,1781.7651129409353,0.053672316384180796,0.006646956463805198,0.0522815065100411,0.006624962855267631,UP,UP,7.0,324,selected_ml|ridge|log_return|A_return_lags|separate,0.12276749569157275,1564.4666455668514,1999.063580315019,True,FINAL_TEST,83.2348870590647,0.0470253599203756,True
selected_ml,ridge,log_return,A_return_lags,separate,EXTERNAL_NEWEST,Grade 2,2026-09-08,2026-09-15,7,1887.5,1940.0,1857.493105855561,0.027814569536423805,-0.015897692261954477,0.02743477093419401,-0.01602541605602085,UP,DOWN,7.0,351,selected_ml|ridge|log_return|A_return_lags|separate,0.12276749569157275,1625.7694577377174,2089.2167539734046,True,EXTERNAL_NEWEST,82.506894144439,0.04371226179837828,False
selected_ml,ridge,log_return,A_return_lags,separate,TEST,Grade 2,2025-05-27,2025-06-03,7,1900.0,1850.0,1928.589057237385,-0.02631578947368418,0.015046872230202624,-0.026668247082161294,0.014934790964654013,DOWN,UP,7.0,287,selected_ml|ridge|log_return|A_return_lags|separate,0.12276749569157275,1695.3308154233969,2161.8472990513733,True,FINAL_TEST,78.58905723738508,0.041362661703886805,False
selected_ml,ridge,log_return,A_return_lags,separate,TEST,Grade 2,2025-03-11,2025-03-18,7,1700.0,1800.0,1723.3046547721497,0.05882352941176472,0.013708620454205622,0.05715841383994862,0.013615507320147845,UP,UP,7.0,277,selected_ml|ridge|log_return|A_return_lags|separate,0.12276749569157275,1514.599912096476,1932.0093974478232,True,FINAL_TEST,76.69534522785034,0.0451149089575591,True
