date,g1_price_lkr_per_kg,g2_price_lkr_per_kg,g1_g2_spread_lkr_per_kg,g2_g1_ratio
2016-10-04,1299.86,1196.5,103.3599999999999,0.9204837444032435
2016-10-11,1320.38,1224.0,96.38000000000011,0.9270058619488328
2016-10-18,1326.86,1261.0,65.8599999999999,0.9503640173040111
2016-10-25,1323.14,1296.0,27.1400000000001,0.9794881871910757
2016-11-01,1323.46,1284.0,39.460000000000036,0.9701842141054509
2016-11-08,1334.21,1304.0,30.210000000000036,0.9773573875177071
2016-11-15,1329.21,1290.33,38.88000000000011,0.9707495429616086
2016-11-22,1335.57,1277.75,57.819999999999936,0.9567076229624805
2016-11-29,1328.46,1371.33,-42.86999999999989,1.032270448489228
2016-12-06,1288.5,1239.67,48.82999999999993,0.9621032207993792
2016-12-14,1221.85,1199.0,22.84999999999991,0.98129885010435
2016-12-20,1154.86,1139.0,15.8599999999999,0.9862667336300505
2016-12-24,597.42,602.5,-5.080000000000041,1.0085032305580663
2016-12-27,1138.77,1029.0,109.76999999999998,0.9036065228272611
2017-01-03,1115.5,1071.5,44.0,0.9605558045719408
2017-01-10,1109.86,1056.5,53.3599999999999,0.9519218640188853
2017-01-17,1111.38,1026.0,85.38000000000011,0.9231765912649138
2017-01-24,1104.43,1013.5,90.93000000000006,0.9176679373070271
2017-01-31,1106.86,1052.67,54.18999999999983,0.9510416854886798
2017-02-07,1113.86,1059.5,54.3599999999999,0.9511967392670534
2017-02-14,1125.07,1047.0,78.06999999999994,0.930608762121468
2017-02-21,1133.21,1086.5,46.710000000000036,0.9587808084997484
2017-02-28,1127.15,1084.5,42.65000000000009,0.9621612030342013
2017-03-07,1097.17,1056.0,41.17000000000007,0.9624761887401222
2017-03-14,1065.15,993.5,71.65000000000009,0.9327324789935689
2017-03-21,1070.71,1008.33,62.379999999999995,0.9417395933539427
2017-03-28,1072.0,1011.33,60.66999999999996,0.9434048507462687
2017-04-04,1054.85,1005.33,49.51999999999987,0.953054936720861
2017-04-18,1034.62,949.67,84.94999999999993,0.9178925595870948
2017-04-25,1017.31,956.67,60.639999999999986,0.9403918176367085
2017-05-02,1052.17,989.0,63.17000000000007,0.9399621734130416
2017-05-08,1038.21,904.2,134.01,0.8709220677897536
2017-05-16,1021.71,926.0,95.71000000000004,0.906323712207965
2017-05-23,990.71,868.25,122.46000000000004,0.8763916786950773
2017-05-30,995.27,944.33,50.93999999999994,0.9488179087081898
2017-06-06,982.14,924.25,57.889999999999986,0.9410572830757326
2017-06-13,957.54,928.5,29.039999999999964,0.9696722852309042
2017-06-20,919.0,879.0,40.0,0.956474428726877
2017-06-27,882.23,819.33,62.89999999999998,0.9287033993403081
2017-07-04,824.58,662.0,162.58000000000004,0.8028329573843653
2017-07-11,721.71,622.33,99.38,0.8622992614762163
2017-07-18,704.23,635.0,69.23000000000002,0.9016940488192777
2017-07-25,724.57,669.33,55.24000000000001,0.9237616793408504
2017-08-01,714.36,674.0,40.360000000000014,0.9435018758049163
2017-08-08,675.79,667.0,8.789999999999964,0.9869930007842673
2017-08-15,681.62,612.25,69.37,0.8982277515331123
2017-08-22,673.0,634.5,38.5,0.9427934621099554
2017-08-29,684.79,631.75,53.039999999999964,0.9225455979205305
2017-09-04,696.07,620.0,76.07000000000005,0.8907150142945393
2017-09-12,706.64,672.25,34.389999999999986,0.9513330691724217
2017-09-19,715.21,671.0,44.210000000000036,0.9381859873323919
2017-09-26,701.07,659.75,41.32000000000005,0.9410615202476215
2017-10-03,684.15,630.67,53.48000000000002,0.9218300080391727
2017-10-10,657.23,599.0,58.23000000000002,0.9114008794485948
2017-10-16,662.57,597.5,65.07000000000005,0.9017915088217093
2017-10-24,676.85,616.5,60.35000000000002,0.9108369653542143
2017-10-31,666.31,629.8,36.50999999999999,0.9452056850414972
2017-11-07,660.31,633.25,27.059999999999945,0.9590192485347792
2017-11-14,657.31,616.25,41.059999999999945,0.9375332795788898
2017-11-21,640.0,622.0,18.0,0.971875
2017-11-28,612.46,551.0,61.460000000000036,0.8996505894262482
2017-12-05,603.5,535.0,68.5,0.8864954432477217
2017-12-12,598.31,538.5,59.809999999999945,0.9000350988617941
2017-12-19,582.07,539.67,42.40000000000009,0.9271565275654129
2017-12-26,581.42,551.0,30.41999999999996,0.9476798183757009
2018-01-03,606.5,582.8,23.700000000000045,0.9609233305853255
2018-01-09,614.58,572.8,41.780000000000086,0.9320186143382472
2018-01-16,615.71,571.63,44.08000000000004,0.928407854347014
2018-01-23,621.69,585.0,36.690000000000055,0.9409834483424214
2018-01-29,623.21,585.86,37.35000000000002,0.940068355770928
2018-02-06,620.86,589.0,31.860000000000014,0.9486840833682312
2018-02-12,627.57,592.14,35.430000000000064,0.9435441464697164
2018-02-20,637.69,598.71,38.98000000000002,0.9388731201681068
2018-02-27,640.85,605.29,35.56000000000006,0.9445111960677225
2018-03-06,629.64,615.0,14.639999999999986,0.9767486182580523
2018-03-13,642.69,605.71,36.98000000000002,0.9424605953103362
2018-03-20,638.07,598.29,39.780000000000086,0.9376557431002867
2018-03-27,628.29,588.83,39.45999999999992,0.9371946075856692
2018-04-03,627.64,582.0,45.639999999999986,0.9272831559492704
2018-04-09,624.57,592.4,32.17000000000007,0.9484925628832636
2018-04-17,624.54,593.8,30.74000000000001,0.9507797739136004
2018-04-24,625.07,586.0,39.07000000000005,0.9374950005599372
2018-05-01,627.85,602.6,25.25,0.9597833877518516
2018-05-08,629.71,602.0,27.710000000000036,0.9559956170300614
2018-05-15,625.77,601.0,24.769999999999982,0.9604167665436183
2018-05-22,616.43,576.33,40.09999999999991,0.9349480070729849
2018-05-28,614.29,577.75,36.539999999999964,0.9405166940695763
2018-06-05,613.93,567.75,46.17999999999995,0.924779698011174
2018-06-12,610.5,593.33,17.16999999999996,0.9718755118755119
2018-06-19,607.64,561.67,45.97000000000003,0.9243466526232638
2018-06-25,602.0,585.5,16.5,0.9725913621262459
2018-07-03,580.79,563.33,17.459999999999923,0.9699374989238797
2018-07-10,543.29,527.0,16.289999999999964,0.9700160135470928
2018-07-17,502.79,482.33,20.460000000000036,0.9593070665685475
2018-07-24,508.07,481.0,27.069999999999993,0.9467199401657252
2018-07-31,529.5,498.5,31.0,0.9414542020774316
2018-08-07,528.43,457.67,70.75999999999993,0.8660939008004845
2018-08-14,541.43,509.33,32.099999999999966,0.9407125574866557
2018-08-20,547.5,507.0,40.5,0.9260273972602739
2018-08-28,573.0,544.0,29.0,0.9493891797556719
2018-09-04,598.64,546.25,52.389999999999986,0.9124849659227583
2018-09-11,603.5,548.0,55.5,0.908036454018227
2018-09-18,599.21,548.75,50.460000000000036,0.9157891223444201
2018-09-25,600.14,552.8,47.34000000000003,0.9211184057053353
2018-10-02,599.14,568.67,30.470000000000027,0.9491437727409286
2018-10-09,605.0,580.0,25.0,0.9586776859504132
2018-10-16,601.36,553.75,47.610000000000014,0.9208294532393242
2018-10-22,597.31,573.0,24.309999999999945,0.9593008655472034
2018-10-30,600.57,548.0,52.57000000000005,0.912466490167674
2018-11-05,600.64,563.0,37.639999999999986,0.9373335109216836
2018-11-13,604.93,539.0,65.92999999999995,0.8910121832278115
2018-11-19,610.79,559.67,51.120000000000005,0.9163051130503119
2018-11-27,618.64,578.25,40.389999999999986,0.9347116255010992
2018-12-04,635.43,593.5,41.92999999999995,0.9340131879199912
2018-12-11,631.43,594.0,37.42999999999995,0.9407218535704671
2018-12-18,615.36,556.25,59.110000000000014,0.9039424076963078
2018-12-31,589.31,559.0,30.309999999999945,0.9485669681491915
2019-01-08,579.86,551.75,28.110000000000014,0.9515227813610182
2019-01-14,573.71,509.0,64.71000000000004,0.8872078227676004
2019-01-22,569.79,508.0,61.789999999999964,0.8915565383737869
2019-01-29,570.36,505.0,65.36000000000001,0.8854057086752226
2019-02-05,568.36,498.33,70.03000000000003,0.8767858399605883
2019-02-12,580.71,531.67,49.04000000000008,0.9155516522877166
2019-02-18,597.64,539.33,58.309999999999945,0.90243290275082
2019-02-26,612.07,560.33,51.74000000000001,0.9154671851258843
2019-03-05,611.93,567.33,44.59999999999991,0.9271158465837597
2019-03-12,605.21,531.0,74.21000000000004,0.8773814048016391
2019-03-18,604.14,543.33,60.809999999999945,0.8993445227927302
2019-03-26,605.71,518.0,87.71000000000004,0.8551947301513926
2019-04-02,604.0,522.0,82.0,0.8642384105960265
2019-04-09,596.79,588.5,8.289999999999964,0.9861090165719936
2019-04-23,594.38,586.5,7.8799999999999955,0.9867424879706586
2019-04-29,584.57,574.0,10.57000000000005,0.9819183331337563
2019-05-07,586.86,523.33,63.52999999999997,0.891745901918686
2019-05-14,582.92,438.5,144.41999999999996,0.752247306663007
2019-05-21,584.71,586.0,-1.2899999999999636,1.0022062218877734
2019-05-28,578.77,556.0,22.769999999999982,0.9606579470255888
2019-06-03,568.79,504.0,64.78999999999996,0.8860915276288261
2019-06-11,541.79,490.0,51.789999999999964,0.9044094575388989
2019-06-18,521.07,495.0,26.07000000000005,0.9499683343888536
2019-06-25,500.93,465.0,35.93000000000001,0.9282734114546942
2019-07-02,472.57,370.0,102.57,0.7829527900628478
2019-07-09,458.85,458.0,0.8500000000000227,0.9981475427699683
2019-07-15,455.14,453.0,2.1399999999999864,0.9952981500197742
2019-07-23,444.29,385.0,59.29000000000002,0.8665511265164644
2019-07-30,447.29,446.5,0.7900000000000205,0.9982338080439983
2019-08-06,450.64,416.67,33.96999999999997,0.924618320610687
2019-08-13,441.14,443.5,-2.3600000000000136,1.005349775581448
2019-08-20,446.57,381.67,64.89999999999998,0.8546700405311598
2019-08-27,443.5,392.67,50.829999999999984,0.8853889515219843
2019-09-03,441.71,391.67,50.039999999999964,0.8867130017432253
2019-09-10,434.57,382.33,52.24000000000001,0.8797892169270773
2019-09-17,433.86,402.5,31.360000000000014,0.9277186189093256
2019-09-24,431.21,405.0,26.20999999999998,0.9392175506133903
2019-10-01,436.5,400.0,36.5,0.9163802978235968
2019-10-08,464.71,438.0,26.70999999999998,0.9425232940973941
2019-10-15,473.14,423.33,49.81,0.8947246058249144
2019-10-22,482.0,450.5,31.5,0.9346473029045643
2019-10-29,491.43,394.0,97.43,0.8017418554015832
2019-11-05,494.43,400.0,94.43,0.8090123981150011
2019-11-11,521.14,428.5,92.63999999999999,0.8222358675212036
2019-11-19,555.5,461.0,94.5,0.8298829882988299
2019-11-26,638.62,500.0,138.62,0.7829382105164261
2019-12-03,693.07,657.0,36.07000000000005,0.9479561949009478
2019-12-09,698.93,667.0,31.92999999999995,0.9543158828494986
2019-12-17,692.5,554.0,138.5,0.8
2019-12-23,673.36,651.0,22.360000000000014,0.966793394321017
2019-12-31,654.29,628.0,26.289999999999964,0.9598190404866345
2020-01-07,627.21,615.0,12.210000000000036,0.9805328358922848
2020-01-13,596.57,600.0,-3.42999999999995,1.00574953484084
2020-01-21,557.62,540.0,17.620000000000005,0.9684014203220831
2020-01-28,535.0,523.0,12.0,0.9775700934579439
2020-02-03,534.43,450.0,84.42999999999995,0.8420185992552814
2020-02-11,529.0,500.0,29.0,0.945179584120983
2020-02-18,532.5,450.0,82.5,0.8450704225352113
2020-02-25,532.36,500.0,32.360000000000014,0.9392140656698474
2020-03-03,534.57,500.0,34.57000000000005,0.9353312007781954
2020-03-10,525.71,490.0,35.710000000000036,0.9320728158109984
2020-04-28,515.91,450.0,65.90999999999997,0.8722451590393674
2020-06-02,504.14,460.0,44.139999999999986,0.9124449557662554
2020-06-09,504.07,400.0,104.07,0.7935405796813935
2020-06-23,493.14,450.0,43.139999999999986,0.9125197712617107
2020-07-14,474.64,425.0,49.639999999999986,0.8954154727793696
2020-08-04,526.85,490.0,36.85000000000002,0.9300559931669355
2020-09-15,576.43,500.0,76.42999999999995,0.8674080113803931
2020-11-10,550.42,525.0,25.41999999999996,0.9538170851349879
2021-01-19,518.79,500.0,18.789999999999964,0.9637811060351974
2021-03-02,536.85,500.0,36.85000000000002,0.9313588525658936
2021-03-09,572.71,530.0,42.710000000000036,0.9254247350316914
2021-03-16,602.79,600.0,2.7899999999999636,0.9953715224207436
2021-11-02,938.64,800.0,138.64,0.8522969402539845
2022-03-08,1351.93,1000.0,351.93000000000006,0.7396832676248031
2022-06-07,1735.93,1500.0,235.93000000000006,0.8640901418836012
2022-12-05,1599.79,1560.0,39.789999999999964,0.9751279855481032
2022-12-13,1623.79,1580.0,43.789999999999964,0.973032227073698
2022-12-20,1664.14,1640.0,24.1400000000001,0.9854940089175189
2022-12-27,1669.29,1660.0,9.289999999999964,0.9944347596882507
2023-01-03,1667.0,1605.0,62.0,0.9628074385122976
2023-01-10,1670.64,1650.0,20.6400000000001,0.9876454532394771
2023-01-17,1678.64,1632.0,46.6400000000001,0.9722156031072773
2023-01-24,1691.21,1620.0,71.21000000000004,0.957894052187487
2023-01-31,1687.14,1635.0,52.1400000000001,0.969095629289804
2023-02-07,1673.86,1585.0,88.8599999999999,0.946913122961299
2023-05-09,1463.21,1400.0,63.210000000000036,0.9568004592642204
2023-05-16,1442.43,1400.0,42.430000000000064,0.9705843611128443
2023-05-30,1335.71,1350.0,-14.289999999999964,1.0106984300484387
2023-07-11,1346.86,1200.0,146.8599999999999,0.8909611986397993
2023-07-18,1394.5,1200.0,194.5,0.8605234851201148
2023-07-25,1565.93,1200.0,365.93000000000006,0.7663177792110758
2023-08-15,1872.14,1750.0,122.1400000000001,0.9347591526274744
2023-08-22,1903.14,1875.0,28.1400000000001,0.9852139096440619
2023-08-28,1941.21,1950.0,-8.789999999999964,1.0045281036054832
2023-09-05,1931.21,1400.0,531.21,0.7249341086676229
2023-09-12,1944.14,1850.0,94.1400000000001,0.9515775612867385
2023-09-26,1889.07,1600.0,289.06999999999994,0.8469776133229578
2023-10-10,1926.36,1700.0,226.3599999999999,0.882493407255134
2023-10-24,1949.71,1400.0,549.71,0.7180555056905898
2023-11-14,1933.86,1700.0,233.8599999999999,0.8790708737964485
2023-11-21,1930.93,1741.0,189.93000000000006,0.9016380707741865
2023-11-28,1920.14,1700.0,220.1400000000001,0.885352109741998
2023-12-05,1887.43,1600.0,287.43000000000006,0.8477135575888907
2023-12-12,1903.71,1700.0,203.71000000000004,0.8929931554701084
2023-12-19,1887.86,1687.5,200.3599999999999,0.8938692487790408
2023-12-27,1876.07,1687.5,188.56999999999994,0.8994866929272363
2024-01-02,1881.14,1725.0,156.1400000000001,0.9169971400321082
2024-01-09,1899.29,1750.0,149.28999999999996,0.9213969430681992
2024-01-16,1906.07,1765.0,141.06999999999994,0.9259890770013693
2024-01-24,1900.93,1825.0,75.93000000000006,0.9600563934495221
2024-01-30,1870.79,1794.0,76.78999999999996,0.9589531695166214
2024-02-06,1860.0,1675.0,185.0,0.9005376344086021
2024-02-13,1814.64,1700.0,114.6400000000001,0.936824934973328
2024-02-20,1781.79,1712.5,69.28999999999996,0.9611121400389496
2024-02-27,1782.0,1720.0,62.0,0.9652076318742986
2024-03-05,1764.57,1500.0,264.56999999999994,0.8500654550400382
2024-03-12,1719.5,1500.0,219.5,0.8723466123873219
2024-03-26,1639.86,1200.0,439.8599999999999,0.7317697852255681
2024-04-02,1586.71,1200.0,386.71000000000004,0.7562818662515519
2024-04-08,1582.71,1275.0,307.71000000000004,0.8055803021400003
2024-04-16,1574.54,1300.0,274.53999999999996,0.8256379641038017
2024-04-24,1527.64,1300.0,227.6400000000001,0.8509858343588803
2024-04-30,1535.36,1487.5,47.8599999999999,0.9688281575656524
2024-05-07,1550.14,1407.5,142.6400000000001,0.9079825048060175
2024-05-14,1571.57,1362.5,209.06999999999994,0.8669674274769816
2024-05-21,1578.86,1300.0,278.8599999999999,0.8233788936321144
2024-05-28,1607.07,1425.0,182.06999999999994,0.8867068640445034
2024-06-04,1641.07,1400.0,241.06999999999994,0.8531019395881956
2024-06-11,1771.29,1500.0,271.28999999999996,0.8468404383246109
2024-07-02,1792.79,1600.0,192.78999999999996,0.8924637018278773
2024-07-16,1754.14,1600.0,154.1400000000001,0.9121278803288221
2024-07-23,1721.43,1400.0,321.43000000000006,0.8132773333798063
2024-07-30,1727.46,1500.0,227.46000000000004,0.8683269077142163
2024-08-06,1752.64,1616.5,136.1400000000001,0.9223228957458462
2024-08-13,1736.43,1600.0,136.43000000000006,0.9214307515995461
2024-08-20,1737.07,1700.0,37.069999999999936,0.9786594668032952
2024-08-27,1729.57,1750.0,-20.430000000000064,1.0118121845314154
2024-09-03,1737.14,1650.0,87.1400000000001,0.949837088547843
2024-09-10,1774.57,1600.0,174.56999999999994,0.9016268729889495
2024-09-18,1806.21,1600.0,206.21000000000004,0.8858327658467177
2024-09-24,1795.14,1675.0,120.1400000000001,0.933074857671268
2024-10-01,1780.64,1575.0,205.6400000000001,0.8845134333722706
2024-10-15,1744.79,1625.0,119.78999999999996,0.9313441732242849
2024-10-22,1745.5,1600.0,145.5,0.9166427957605271
2024-10-29,1759.5,1575.0,184.5,0.8951406649616368
2024-11-05,1788.86,1500.0,288.8599999999999,0.8385228581331128
2024-11-12,1796.0,1600.0,196.0,0.89086859688196
2024-11-19,1814.93,1650.0,164.93000000000006,0.9091259718005653
2024-11-26,1804.5,1550.0,254.5,0.85896370185647
2024-12-03,1823.36,1600.0,223.3599999999999,0.8775008775008776
2024-12-10,1815.43,1600.0,215.43000000000006,0.8813338988559184
2024-12-17,1823.0,1800.0,23.0,0.9873834339001646
2024-12-24,1806.71,1700.0,106.71000000000004,0.9409368409982786
2024-12-31,1800.64,1575.0,225.6400000000001,0.8746889994668562
2025-01-07,1792.14,1700.0,92.1400000000001,0.9485866059571239
2025-01-15,1805.86,1750.0,55.8599999999999,0.9690673695635321
2025-01-21,1837.86,1800.0,37.8599999999999,0.9793999542946689
2025-01-28,1871.86,1850.0,21.8599999999999,0.9883217762012116
2025-02-05,1887.77,1850.0,37.76999999999998,0.9799922660069817
2025-02-11,1880.36,1700.0,180.3599999999999,0.9040821970261015
2025-02-18,1891.64,1800.0,91.6400000000001,0.9515552642151783
2025-02-25,1912.57,1650.0,262.56999999999994,0.8627135215965952
2025-03-04,1921.29,1800.0,121.28999999999996,0.9368705401058663
2025-03-11,1934.79,1700.0,234.78999999999996,0.8786483287591935
2025-03-18,1954.64,1800.0,154.6400000000001,0.9208856873900053
2025-03-25,1980.0,1925.0,55.0,0.9722222222222222
2025-04-01,2015.46,1840.0,175.46000000000004,0.9129429509888561
2025-04-08,2048.79,1875.0,173.78999999999996,0.9151743224049317
2025-04-22,2068.5,1990.0,78.5,0.9620497945371042
2025-04-29,2119.71,2000.0,119.71000000000004,0.9435252935543069
2025-05-07,2111.69,2025.0,86.69000000000005,0.9589475727971435
2025-05-14,2108.07,1800.0,308.07000000000016,0.8538615890364172
2025-05-20,2110.14,2000.0,110.13999999999987,0.9478044110817292
2025-05-27,2088.43,1900.0,188.42999999999984,0.9097743280837759
2025-06-03,2030.43,1850.0,180.43000000000006,0.9111370497874834
2025-06-11,2005.29,1825.0,180.28999999999996,0.9100928045320128
2025-06-17,1984.43,1865.0,119.43000000000006,0.939816471228514
2025-06-24,1999.0,1800.0,199.0,0.9004502251125562
2025-07-01,1979.57,1800.0,179.56999999999994,0.9092883808099739
2025-07-08,1993.64,1850.0,143.6400000000001,0.9279508838105174
2025-07-15,2010.21,1825.0,185.21000000000004,0.9078653474015153
2025-07-22,2014.93,1865.0,149.93000000000006,0.9255904671626309
2025-07-29,2027.93,1875.0,152.93000000000006,0.9245881268091107
2025-08-05,2029.07,1865.0,164.06999999999994,0.9191402958005392
2025-08-12,2022.0,1950.0,72.0,0.9643916913946587
2025-08-19,2015.64,1875.0,140.6400000000001,0.9302256355301541
2025-08-26,2020.21,1865.0,155.21000000000004,0.9231713534731537
2025-09-02,2023.21,1925.0,98.21000000000004,0.9514583261253157
2025-09-09,2031.93,1925.0,106.93000000000006,0.9473751556402041
2025-09-16,2017.14,1925.0,92.1400000000001,0.954321465044568
2025-09-23,2018.57,1890.0,128.56999999999994,0.9363063951212988
2025-09-30,2016.29,1880.0,136.28999999999996,0.9324055567403499
2025-10-07,2005.21,1925.0,80.21000000000004,0.9599992020785852
2025-10-14,2000.14,1930.0,70.1400000000001,0.964932454728169
2025-10-21,1999.36,1930.0,69.3599999999999,0.9653088988476313
2025-10-28,1982.86,1875.0,107.8599999999999,0.9456038247783505
2025-11-04,1994.86,1925.0,69.8599999999999,0.9649799985963928
2025-11-11,1990.07,1850.0,140.06999999999994,0.9296155411618687
2025-11-18,1995.43,1865.0,130.43000000000006,0.9346356424429821
2025-11-25,1990.64,1725.0,265.6400000000001,0.8665554796447373
2025-12-02,1989.75,1800.0,189.75,0.9046362608367885
2025-12-09,1988.57,1875.0,113.56999999999994,0.9428886083969888
2025-12-16,1994.43,1860.0,134.43000000000006,0.9325972834343647
2025-12-23,2007.31,1725.0,282.30999999999995,0.8593590426989354
2025-12-30,1990.5,1840.0,150.5,0.9243908565687013
2026-01-06,1989.43,1865.0,124.43000000000006,0.9374544467510795
2026-01-13,1978.5,1900.0,78.5,0.960323477381855
2026-01-20,1997.93,1930.0,67.93000000000006,0.9659998098031463
2026-01-27,1964.07,1930.0,34.069999999999936,0.9826533677516586
2026-02-03,1973.0,1850.0,123.0,0.937658388241257
2026-02-10,1983.86,1770.0,213.8599999999999,0.8922000544393254
2026-02-17,1994.93,1865.0,129.93000000000006,0.9348698951842922
2026-02-24,2008.36,1650.0,358.3599999999999,0.8215658547272402
2026-03-03,2017.36,1900.0,117.3599999999999,0.9418249593528176
2026-03-10,2015.07,1880.0,135.06999999999994,0.9329700705186421
2026-03-17,2033.0,1865.0,168.0,0.9173635022134776
2026-03-24,2015.57,1775.0,240.56999999999994,0.8806441850196223
2026-03-31,2029.14,1785.0,244.1400000000001,0.8796830184215972
2026-04-07,2026.86,1775.0,251.8599999999999,0.8757388275460565
2026-04-21,2026.64,1915.0,111.6400000000001,0.9449137488651166
2026-04-28,2030.55,1940.0,90.54999999999995,0.9554061707419172
2026-05-05,2008.88,1930.0,78.88000000000011,0.9607343395324758
2026-05-12,2012.45,1930.0,82.45000000000005,0.9590300380133667
2026-05-19,1998.07,1950.0,48.069999999999936,0.9759417838213876
2026-05-26,1978.43,1950.0,28.430000000000064,0.9856300197631455
2026-06-09,1909.07,1900.0,9.069999999999936,0.9952489955842374
2026-06-16,1843.21,1800.0,43.210000000000036,0.9765572018380977
2026-06-30,1809.0,1800.0,9.0,0.9950248756218906
2026-07-07,1795.71,1800.0,-4.289999999999964,1.002389027181449
2026-07-14,1856.11,1800.0,56.1099999999999,0.9697701106076688
2026-07-21,1837.5,1800.0,37.5,0.9795918367346939
2026-07-28,1833.86,1800.0,33.8599999999999,0.9815362132332894
2026-08-04,1845.21,1800.0,45.210000000000036,0.9754987237225031
2026-08-11,1856.21,1800.0,56.210000000000036,0.9697178659742163
2026-08-18,1886.14,1800.0,86.1400000000001,0.9543300073165301
2026-08-25,1892.43,1800.0,92.43000000000006,0.9511580349074998
2026-09-01,1918.57,1740.0,178.56999999999994,0.9069254705327405
2026-09-08,1957.5,1887.5,70.0,0.9642401021711366
2026-09-15,1987.5,1940.0,47.5,0.9761006289308176
2026-09-29,1999.43,1890.0,109.43000000000006,0.9452694017795071
